Employee_Name,EmpID,Salary,Position,State,Zip,DOB,Sex,MaritalDesc,CitizenDesc,HispanicLatino,RaceDesc,DateofHire,DateofTermination,TermReason,EmploymentStatus,Department,ManagerName,ManagerID,RecruitmentSource,PerformanceScore,EngagementSurvey,EmpSatisfaction,SpecialProjectsCount,LastPerformanceReview_Date,DaysLateLast30,Absences,IsTerminated,AttritionFlag,Age,Tenure_Years,EngagementLevel,AgeGroup,SalaryBand
"Candie, Calvin",10001,72640,Production Manager,MA,02169,08/09/1983,M,Single,US Citizen,No,White,28/01/2016,,N/A-StillEmployed,Active,Production,Janet King,2,Indeed,Exceeds,5,3,0,22/02/2019,0,14,0,0,41,9.5,High,40s,Very High
"Anderson, Linda  ",10002,57568,Production Technician I,MA,01844,22/05/1977,F,Single,US Citizen,No,White,01/09/2012,,N/A-StillEmployed,Active,Production,Amy Dunn,11,LinkedIn,Exceeds,5,5,0,01/07/2019,0,15,0,0,48,12.9,High,40s,Medium
"Billis, Helen",10003,62910,Production Technician I,MA,02031,09/01/1989,F,Married,US Citizen,No,White,07/07/2014,,N/A-StillEmployed,Active,Production,Brannon Miller,12,Indeed,Exceeds,5,3,0,27/02/2019,0,19,0,0,36,11.1,High,30s,High
"Lynch, Lindsay",10004,47434,Production Technician I,MA,01844,14/02/1973,F,Single,US Citizen,Yes,Black,11/07/2011,14/11/2015,Another position,Voluntarily Terminated,Production,Webster Butler,39,Diversity Job Fair,Exceeds,5,4,0,02/02/2015,0,17,1,1,52,4.3,High,50s,Low
"Patronick, Lucas",10005,61620,Software Engineer,MA,01844,20/02/1979,M,Single,US Citizen,No,Black,11/07/2011,09/07/2015,Another position,Voluntarily Terminated,Software Engineering,Alex Sweetwater,10,Diversity Job Fair,Exceeds,5,5,3,16/08/2015,0,13,1,1,46,4,High,40s,Medium
"Driver, Elle",10006,74241,Area Sales Manager,CA,90007,11/08/1988,F,Single,US Citizen,No,White,01/10/2011,,N/A-StillEmployed,Active,Sales,Lynn Daneault,21,Indeed,Exceeds,4.77,5,0,27/01/2019,0,14,0,0,36,13.8,High,30s,Very High
"Harrison, Kara",10007,62065,Production Technician I,MA,01886,05/02/1974,F,Married,US Citizen,No,White,05/12/2014,,N/A-StillEmployed,Active,Production,Amy Dunn,11,CareerBuilder,Exceeds,4.76,4,0,15/02/2019,0,5,0,0,51,10.7,High,50s,High
"Lindsay, Leonara ",10008,51777,IT Support,CT,06070,10/05/1988,F,Single,US Citizen,Yes,Black,21/01/2011,,N/A-StillEmployed,Active,IT,Eric Dougall,6,Diversity Job Fair,Exceeds,4.64,4,5,25/01/2019,0,14,0,0,37,14.5,High,30s,Low
"Jeannite, Tayana",10009,60724,Production Technician II,MA,01821,11/06/1986,F,Divorced,US Citizen,No,Indian,07/05/2011,,N/A-StillEmployed,Active,Production,Ketsia Liebig,19,LinkedIn,Exceeds,4.6,4,0,25/02/2019,0,11,0,0,39,14.2,High,30s,Medium
"Zamora, Jennifer",10010,61620,CIO,MA,02067,30/08/1979,F,Single,US Citizen,No,White,04/10/2010,,N/A-StillEmployed,Active,IT,Janet King,2,Employee Referral,Exceeds,4.6,5,6,21/02/2019,0,16,0,0,45,14.8,High,40s,Medium
"Rivera, Haley  ",10011,46738,Production Technician I,MA,02171,01/12/1973,F,Married,US Citizen,No,Asian,28/11/2011,,N/A-StillEmployed,Active,Production,Webster Butler,39,Google Search,Exceeds,4.36,5,0,02/11/2019,0,16,0,0,51,13.7,High,50s,Low
"Barbossa, Hector",10012,92328,Data Analyst,TX,78230,07/04/1988,M,Divorced,US Citizen,No,Black,11/10/2014,,N/A-StillEmployed,Active,IS,Simon Roup,4,Diversity Job Fair,Exceeds,4.28,4,5,25/02/2019,0,9,0,0,37,10.8,High,30s,Very High
"Torrence, Jack",10013,64397,Area Sales Manager,ND,58782,15/01/1968,M,Separated,US Citizen,No,White,01/09/2006,,N/A-StillEmployed,Active,Sales,Lynn Daneault,21,Indeed,Exceeds,4.1,3,0,01/04/2019,0,6,0,0,57,18.9,High,50s,High
"Veera, Abdellah ",10014,58523,Production Technician I,MA,02171,31/01/1987,M,Divorced,US Citizen,No,White,13/08/2012,02/05/2016,maternity leave - did not return,Voluntarily Terminated,Production,Kissy Sullivan,20,LinkedIn,Exceeds,4.5,5,0,02/01/2016,0,15,1,1,38,3.7,High,30s,Medium
"Foss, Jason",10015,61620,IT Director,MA,01460,07/05/1980,M,Single,US Citizen,No,Black,15/04/2011,,N/A-StillEmployed,Active,IT,Jennifer Zamora,5,Indeed,Exceeds,5,5,5,01/07/2019,0,15,0,0,45,14.3,High,40s,Medium
"Petrowsky, Thelma",10016,93554,Data Analyst,MA,01886,16/09/1984,F,Married,US Citizen,No,Black,11/10/2014,,N/A-StillEmployed,Active,IS,Simon Roup,4,Employee Referral,Exceeds,4.6,5,7,01/04/2019,0,16,0,0,40,10.8,High,30s,Very High
"Liebig, Ketsia",10017,77915,Production Manager,MA,02110,26/10/1981,F,Married,US Citizen,No,White,30/09/2013,,N/A-StillEmployed,Active,Production,Janet King,2,Website,Exceeds,4.1,3,0,21/01/2019,0,11,0,0,43,11.8,High,40s,Very High
"Girifalco, Evelyn",10018,57815,Production Technician I,MA,02451,05/08/1980,F,Single,US Citizen,Yes,White,29/09/2014,,N/A-StillEmployed,Active,Production,Amy Dunn,11,Indeed,Exceeds,3.9,4,0,02/07/2019,0,3,0,0,45,10.8,Medium,40s,Medium
"Corleone, Vito",10019,61620,Director of Operations,MA,02030,19/03/1983,M,Single,US Citizen,No,Black,01/05/2009,,N/A-StillEmployed,Active,Production,Janet King,2,Indeed,Exceeds,3.7,5,0,02/04/2019,0,15,0,0,42,16.3,Medium,40s,Medium
"Robinson, Elias",10020,63353,Production Technician I,MA,01730,28/01/1985,M,Widowed,US Citizen,No,White,07/08/2013,,N/A-StillEmployed,Active,Production,Brannon Miller,12,Employee Referral,Exceeds,3.6,5,0,02/11/2019,0,4,0,0,40,12,Medium,30s,High
"Osturnka, Adeel",10021,47414,Production Technician I,MA,02478,12/11/1976,M,Married,US Citizen,No,White,30/09/2013,,N/A-StillEmployed,Active,Production,Kelley Spirea,18,LinkedIn,Exceeds,5,3,0,02/07/2019,0,13,0,0,48,11.8,High,40s,Low
"Volk, Colleen",10022,49773,Production Technician I,MA,02747,06/03/1986,F,Married,US Citizen,No,White,26/09/2011,02/08/2016,gross misconduct,Terminated For Cause,Production,Kelley Spirea,18,Google Search,Exceeds,4.3,5,0,02/01/2015,0,18,1,1,39,4.9,High,30s,Low
"Beak, Kimberly  ",10023,70131,Production Technician II,MA,02145,17/04/1966,F,Married,US Citizen,No,White,21/07/2016,,N/A-StillEmployed,Active,Production,Kelley Spirea,18,Employee Referral,Exceeds,4.4,3,0,14/01/2019,0,16,0,0,59,9,High,50s,Very High
"Szabo, Andrew",10024,92989,Software Engineer,MA,02140,05/06/1983,M,Single,US Citizen,No,White,07/07/2014,,N/A-StillEmployed,Active,Software Engineering,Alex Sweetwater,10,LinkedIn,Exceeds,4.5,5,5,18/02/2019,0,1,0,0,42,11.1,High,40s,Very High
"Monterro, Luisa",10025,72460,Production Technician II,MA,02126,24/04/1970,F,Single,US Citizen,No,Black,13/05/2013,,N/A-StillEmployed,Active,Production,Kissy Sullivan,20,Indeed,Exceeds,4.7,3,0,14/01/2019,0,1,0,0,55,12.2,High,50s,Very High
"Adinolfi, Wilson  K",10026,62506,Production Technician I,MA,01960,07/10/1983,M,Single,US Citizen,No,White,07/05/2011,,N/A-StillEmployed,Active,Production,Michael Albert,22,LinkedIn,Exceeds,4.6,5,0,17/01/2019,0,1,0,0,41,14.2,High,40s,High
"Smith, Joe",10027,60656,Production Technician II,MA,02045,30/10/1963,M,Single,US Citizen,No,White,29/09/2014,,N/A-StillEmployed,Active,Production,Elijiah Gray,16,Indeed,Exceeds,4.3,3,0,28/01/2019,0,4,0,0,61,10.8,High,60+,Medium
"Dougall, Eric",10028,61620,IT Manager - Support,MA,01886,07/09/1970,M,Single,US Citizen,No,Black,01/05/2014,,N/A-StillEmployed,Active,IT,Jennifer Zamora,5,Indeed,Exceeds,4.3,5,5,01/04/2019,0,4,0,0,54,11.3,High,50s,Medium
"Clukey, Elijian",10029,50373,Production Technician I,MA,02134,26/08/1980,M,Married,US Citizen,No,White,07/06/2016,,N/A-StillEmployed,Active,Production,Brannon Miller,12,Employee Referral,Exceeds,4.1,4,0,28/02/2019,0,5,0,0,44,9.2,High,40s,Low
"Squatrito, Kristen",10030,62425,Production Technician I,MA,02359,26/03/1973,F,Divorced,US Citizen,No,White,13/05/2013,29/06/2015,unhappy,Voluntarily Terminated,Production,David Stanley,14,LinkedIn,Exceeds,4.1,4,0,03/02/2015,0,16,1,1,52,2.1,High,50s,High
"Gonzalez, Cayo",10031,59892,Production Technician I,MA,02108,29/09/1969,M,Divorced,US Citizen,No,Black,07/11/2011,,N/A-StillEmployed,Active,Production,Brannon Miller,12,Diversity Job Fair,Exceeds,4.5,4,0,18/02/2019,0,1,0,0,55,13.7,High,50s,Medium
"Peters, Lauren",10032,57954,Production Technician II,MA,01886,17/08/1986,F,Married,US Citizen,No,White,16/05/2011,02/04/2013,more money,Voluntarily Terminated,Production,Ketsia Liebig,19,Indeed,Exceeds,4.2,5,0,01/10/2013,0,12,1,1,38,1.9,High,30s,Medium
"Winthrop, Jordan  ",10033,70507,Production Technician II,MA,02045,11/07/1958,M,Single,US Citizen,No,White,01/07/2013,21/02/2016,retiring,Voluntarily Terminated,Production,Brannon Miller,12,LinkedIn,Exceeds,5,3,0,19/01/2016,0,7,1,1,67,2.6,High,60+,Very High
"Johnson, George",10034,46837,Production Technician I,MA,02445,19/08/1959,M,Married,US Citizen,No,White,11/07/2011,29/04/2018,more money,Voluntarily Terminated,Production,Michael Albert,22,CareerBuilder,Exceeds,4.7,4,0,14/02/2018,0,9,1,1,65,6.8,High,60+,Low
"Lunquist, Lisa",10035,73330,Production Technician II,MA,02324,28/03/1982,F,Single,US Citizen,No,Black,19/08/2013,,N/A-StillEmployed,Active,Production,Elijiah Gray,16,Indeed,Exceeds,4.2,4,0,02/12/2019,0,19,0,0,43,12,High,40s,Very High
"Johnston, Yen",10036,63322,Production Technician II,MA,02128,09/08/1969,F,Single,US Citizen,No,White,07/07/2014,,N/A-StillEmployed,Active,Production,Brannon Miller,12,LinkedIn,Exceeds,4.3,3,0,01/11/2019,0,1,0,0,56,11.1,High,50s,High
"Ngodup, Shari ",10037,52984,Production Technician I,MA,01810,06/03/1967,F,Separated,US Citizen,No,Black,04/01/2013,,N/A-StillEmployed,Active,Production,Brannon Miller,12,Diversity Job Fair,Exceeds,4,3,0,13/02/2019,0,12,0,0,58,12.6,High,50s,Low
"LaRotonda, William  ",10038,64520,Accountant I,MA,01460,26/04/1984,M,Divorced,US Citizen,No,Black,01/06/2014,,N/A-StillEmployed,Active,Admin Offices,Brandon R. LeBlanc,1,Website,Fully Meets,5,4,4,17/01/2019,0,3,0,0,41,11.2,High,40s,High
"Singh, Nan ",10039,51920,Administrative Assistant,MA,02330,19/05/1988,F,Single,US Citizen,No,White,05/01/2015,,N/A-StillEmployed,Active,Admin Offices,Brandon R. LeBlanc,1,Website,Fully Meets,5,3,5,15/01/2019,0,2,0,0,37,10.6,High,30s,Low
"Carter, Michelle ",10040,71860,Area Sales Manager,VT,05664,15/05/1963,F,Single,US Citizen,No,White,18/08/2014,,N/A-StillEmployed,Active,Sales,John Smith,17,Indeed,Fully Meets,5,5,0,21/01/2019,0,7,0,0,62,11,High,60+,Very High
"Ozark, Travis",10041,68829,Area Sales Manager,NC,27229,19/05/1982,M,Single,US Citizen,No,White,01/05/2015,,N/A-StillEmployed,Active,Sales,John Smith,17,Website,Fully Meets,5,5,0,14/01/2019,0,18,0,0,43,10.3,High,40s,Very High
"Nguyen, Dheepa",10042,63695,Area Sales Manager,GA,30428,31/03/1989,F,Single,US Citizen,No,White,07/08/2013,,N/A-StillEmployed,Active,Sales,Lynn Daneault,21,Indeed,Fully Meets,5,5,0,25/01/2019,0,2,0,0,36,12,High,30s,High
"Zhou, Julia",10043,89292,Data Analyst,MA,02148,24/02/1979,F,Single,US Citizen,No,White,30/03/2015,,N/A-StillEmployed,Active,IS,Simon Roup,4,Employee Referral,Fully Meets,5,3,5,02/01/2019,0,11,0,0,46,10.3,High,40s,Very High
"Tredinnick, Neville ",10044,75281,Network Engineer,MA,01420,05/05/1988,M,Married,US Citizen,No,White,01/05/2015,02/12/2016,medical issues,Voluntarily Terminated,IT,Peter Monroe,7,CareerBuilder,Fully Meets,5,3,5,15/04/2015,0,11,1,1,37,1.6,High,30s,Very High
"Turpin, Jumil",10045,76029,Network Engineer,MA,02343,31/03/1969,M,Married,Non-Citizen,No,White,30/03/2015,,N/A-StillEmployed,Active,IT,Peter Monroe,7,Employee Referral,Fully Meets,5,4,7,14/01/2019,0,8,0,0,56,10.3,High,50s,Very High
"Bernstein, Sean",10046,51044,Production Technician I,MA,02072,22/12/1970,M,Single,US Citizen,Yes,White,04/02/2012,,N/A-StillEmployed,Active,Production,Amy Dunn,11,Google Search,Fully Meets,5,3,0,14/01/2019,0,13,0,0,54,13.5,High,50s,Low
"Robinson, Alain  ",10047,50428,Production Technician I,MA,01420,01/07/1974,M,Married,US Citizen,No,Black,01/10/2011,26/01/2016,attendance,Voluntarily Terminated,Production,Amy Dunn,11,Indeed,Fully Meets,5,3,0,01/10/2015,0,11,1,1,51,4.3,High,50s,Low
"Wilber, Barry",10048,55140,Production Technician I,MA,02324,09/09/1965,M,Married,Non-Citizen,No,White,16/05/2011,09/07/2015,unhappy,Voluntarily Terminated,Production,Amy Dunn,11,Website,Fully Meets,5,3,0,15/02/2015,0,7,1,1,59,4.2,High,50s,Low
"Fidelia,  Libby",10049,58530,Production Technician I,MA,02155,16/03/1981,F,Married,US Citizen,No,White,01/09/2012,,N/A-StillEmployed,Active,Production,Brannon Miller,12,Google Search,Fully Meets,5,5,0,29/01/2019,0,19,0,0,44,12.9,High,40s,Medium
"Pham, Hong",10050,64724,Production Technician I,MA,02451,03/06/1988,M,Married,US Citizen,No,Asian,07/05/2011,30/11/2012,more money,Voluntarily Terminated,Production,Brannon Miller,12,Google Search,Fully Meets,5,3,0,20/02/2012,0,13,1,1,37,1.6,High,30s,High
"Gordon, David",10051,48285,Production Technician I,MA,02169,21/05/1979,M,Married,US Citizen,No,White,07/02/2012,,N/A-StillEmployed,Active,Production,David Stanley,14,LinkedIn,Fully Meets,5,3,0,14/01/2019,0,2,0,0,46,13.5,High,40s,Low
"Langton, Enrico",10052,46120,Production Technician I,MA,02048,12/09/1986,M,Married,US Citizen,No,White,07/09/2012,,N/A-StillEmployed,Active,Production,David Stanley,14,LinkedIn,Fully Meets,5,5,0,02/04/2019,0,13,0,0,38,12.9,High,30s,Low
"Maurice, Shana",10053,54132,Production Technician I,MA,02330,22/11/1977,F,Married,US Citizen,No,White,31/05/2011,,N/A-StillEmployed,Active,Production,David Stanley,14,Indeed,Fully Meets,5,4,0,01/10/2019,0,8,0,0,47,14.2,High,40s,Low
"Rose, Ashley  ",10054,60627,Production Technician I,MA,01886,12/05/1974,F,Separated,US Citizen,No,White,01/06/2014,,N/A-StillEmployed,Active,Production,David Stanley,14,Website,Fully Meets,5,4,0,31/01/2019,0,8,0,0,51,11.2,High,50s,Medium
"Beatrice, Courtney ",10055,59026,Production Technician I,MA,01915,27/10/1970,F,Single,Non-Citizen,No,White,04/04/2011,,N/A-StillEmployed,Active,Production,Elijiah Gray,16,Google Search,Fully Meets,5,5,0,14/01/2019,0,12,0,0,54,14.3,High,50s,Medium
"Darson, Jene'ya ",10056,57583,Production Technician I,MA,02110,11/05/1978,F,Married,US Citizen,No,White,07/02/2012,,N/A-StillEmployed,Active,Production,Elijiah Gray,16,Indeed,Fully Meets,5,3,0,25/02/2019,0,1,0,0,47,13.5,High,40s,Medium
"Lydon, Allison",10057,52057,Production Technician I,MA,02122,22/10/1975,F,Married,US Citizen,No,Black,16/02/2015,,N/A-StillEmployed,Active,Production,Elijiah Gray,16,Website,Fully Meets,5,3,0,23/01/2019,0,6,0,0,49,10.5,High,40s,Low
"Rhoads, Thomas",10058,45115,Production Technician I,MA,02176,22/07/1982,M,Divorced,US Citizen,Yes,White,16/05/2011,15/01/2016,retiring,Voluntarily Terminated,Production,Elijiah Gray,16,LinkedIn,Fully Meets,5,4,0,30/03/2015,0,11,1,1,43,4.7,High,40s,Low
"Gross, Paula",10059,63813,Production Technician I,MA,02176,21/05/1983,F,Divorced,US Citizen,No,White,21/02/2011,01/11/2014,more money,Voluntarily Terminated,Production,Kelley Spirea,18,CareerBuilder,Fully Meets,5,5,0,06/03/2013,0,17,1,1,42,3.7,High,40s,High
"Jhaveri, Sneha  ",10060,60436,Production Technician I,MA,02109,13/04/1964,F,Separated,US Citizen,No,White,01/06/2014,,N/A-StillEmployed,Active,Production,Kelley Spirea,18,LinkedIn,Fully Meets,5,5,0,21/01/2019,0,9,0,0,61,11.2,High,60+,Medium
"Bates, Norman",10061,57834,Production Technician I,MA,02050,18/10/1981,M,Single,US Citizen,No,White,21/02/2011,08/04/2017,attendance,Terminated For Cause,Production,Kelley Spirea,18,Google Search,Fully Meets,5,4,0,04/05/2017,0,20,1,1,43,6.1,High,40s,Medium
"Athwal, Sam",10062,59365,Production Technician I,MA,02199,18/02/1983,M,Widowed,US Citizen,No,White,30/09/2013,,N/A-StillEmployed,Active,Production,Ketsia Liebig,19,Employee Referral,Fully Meets,5,4,0,25/02/2019,0,19,0,0,42,11.8,High,40s,Medium
"Newman, Richard ",10063,48495,Production Technician I,MA,02136,04/08/1977,M,Married,US Citizen,No,White,05/12/2014,,N/A-StillEmployed,Active,Production,Ketsia Liebig,19,LinkedIn,Fully Meets,5,5,0,18/02/2019,0,11,0,0,48,10.7,High,40s,Low
"Eaton, Marianne",10064,60070,Production Technician I,MA,02343,09/05/1991,F,Married,US Citizen,No,White,04/04/2011,06/06/2017,military,Voluntarily Terminated,Production,Kissy Sullivan,20,Google Search,Fully Meets,5,3,0,04/09/2017,0,7,1,1,34,6.2,High,30s,Medium
"Rossetti, Bruno",10065,53180,Production Technician I,MA,02155,18/03/1987,M,Single,US Citizen,No,White,04/04/2011,13/08/2018,Another position,Voluntarily Terminated,Production,Kissy Sullivan,20,Google Search,Fully Meets,5,5,0,07/02/2018,0,4,1,1,38,7.4,High,30s,Low
"Barton, Nader",10066,52505,Production Technician I,MA,02747,15/07/1977,M,Divorced,US Citizen,No,White,24/09/2012,04/06/2017,Another position,Voluntarily Terminated,Production,Michael Albert,22,On-line Web application,Fully Meets,5,5,0,03/02/2017,0,1,1,1,48,4.7,High,40s,Low
"Chace, Beatrice ",10067,61656,Production Technician I,MA,02763,01/02/1951,F,Single,US Citizen,No,White,29/09/2014,,N/A-StillEmployed,Active,Production,Michael Albert,22,Google Search,Fully Meets,5,4,0,02/12/2019,0,11,0,0,74,10.8,High,60+,High
"Medeiros, Jennifer",10068,55688,Production Technician I,MA,02346,22/09/1976,F,Single,US Citizen,No,White,30/03/2015,,N/A-StillEmployed,Active,Production,Michael Albert,22,CareerBuilder,Fully Meets,5,4,0,21/01/2019,0,10,0,0,48,10.3,High,40s,Medium
"Anderson, Carol ",10069,50825,Production Technician I,MA,02169,09/08/1989,F,Divorced,US Citizen,No,White,07/11/2011,09/06/2016,return to school,Voluntarily Terminated,Production,Webster Butler,39,Google Search,Fully Meets,5,4,0,02/01/2016,0,2,1,1,36,4.6,High,30s,Low
"DeGweck,  James",10070,55722,Production Technician I,MA,01810,31/10/1977,M,Married,US Citizen,No,White,16/05/2011,06/08/2016,unhappy,Voluntarily Terminated,Production,Webster Butler,39,Indeed,Fully Meets,5,4,0,04/02/2016,0,14,1,1,47,5.2,High,40s,Medium
"Sewkumar, Nori",10071,50923,Production Technician I,MA,02191,03/10/1975,F,Single,US Citizen,No,Asian,30/09/2013,,N/A-StillEmployed,Active,Production,Webster Butler,39,Google Search,Fully Meets,5,5,0,02/06/2019,0,14,0,0,49,11.8,High,40s,Low
"Whittier, Scott",10072,58371,Production Technician I,MA,02030,24/05/1987,M,Single,US Citizen,Yes,White,01/10/2011,15/05/2014,hours,Voluntarily Terminated,Production,Webster Butler,39,LinkedIn,Fully Meets,5,5,0,15/05/2014,0,11,1,1,38,2.6,High,30s,Medium
"Mancuso, Karen",10073,68407,Production Technician II,MA,02176,12/10/1986,F,Married,US Citizen,No,White,07/05/2011,19/08/2012,Another position,Voluntarily Terminated,Production,Amy Dunn,11,LinkedIn,Fully Meets,5,4,0,07/02/2012,0,16,1,1,38,1.3,High,30s,Very High
"Hankard, Earnest",10074,64246,Production Technician II,MA,02155,08/10/1988,M,Single,US Citizen,Yes,White,11/11/2013,,N/A-StillEmployed,Active,Production,Kelley Spirea,18,LinkedIn,Fully Meets,5,3,0,01/08/2019,0,20,0,0,36,11.7,High,30s,High
"Hendrickson, Trina",10075,68099,Production Technician II,MA,02021,27/08/1972,F,Single,US Citizen,No,White,01/10/2011,18/06/2013,hours,Voluntarily Terminated,Production,Kelley Spirea,18,CareerBuilder,Fully Meets,5,3,0,30/01/2013,0,15,1,1,52,1.7,High,50s,Very High
"Carthy, B'rigit",10076,55315,Production Technician II,MA,02149,21/05/1987,F,Single,US Citizen,No,Black,30/03/2015,,N/A-StillEmployed,Active,Production,Ketsia Liebig,19,LinkedIn,Fully Meets,5,5,0,02/07/2019,0,16,0,0,38,10.3,High,30s,Low
"Manchester, Robyn",10077,62385,Production Technician II,MA,02324,25/08/1976,F,Married,US Citizen,No,White,05/11/2016,,N/A-StillEmployed,Active,Production,Webster Butler,39,LinkedIn,Fully Meets,5,3,0,21/01/2019,0,4,0,0,48,8.7,High,40s,High
"Oliver, Brooke ",10078,71966,Production Technician II,MA,02492,02/11/1952,F,Married,US Citizen,No,Asian,14/05/2012,19/08/2013,unhappy,Voluntarily Terminated,Production,Webster Butler,39,LinkedIn,Fully Meets,5,3,0,07/02/2013,0,17,1,1,72,1.3,High,60+,Very High
"Navathe, Kurt",10079,87921,Senior BI Developer,MA,02056,25/04/1970,M,Single,US Citizen,No,Asian,02/10/2017,,N/A-StillEmployed,Active,IS,Brian Champaigne,13,Indeed,Fully Meets,5,3,6,25/02/2019,0,17,0,0,55,7.8,High,50s,Very High
"Foster-Baker, Amy",10080,61620,Sr. Accountant,MA,02050,16/04/1979,F,Married,US Citizen,no,White,01/05/2009,,N/A-StillEmployed,Active,Admin Offices,Board of Directors,9,Other,Fully Meets,5,3,2,02/08/2019,0,3,0,0,46,16.3,High,40s,Medium
"Boutwell, Bonalyn",10081,61620,Sr. Accountant,MA,02468,04/04/1987,F,Married,US Citizen,No,Black,16/02/2015,,N/A-StillEmployed,Active,Admin Offices,Brandon R. LeBlanc,3,Diversity Job Fair,Fully Meets,5,4,3,18/02/2019,0,4,0,0,38,10.5,High,30s,Medium
"Carr, Claudia  N",10082,61620,Sr. DBA,MA,01886,06/06/1986,F,Single,US Citizen,No,Black,30/06/2016,,N/A-StillEmployed,Active,IS,Simon Roup,4,LinkedIn,Fully Meets,5,5,6,18/02/2019,0,7,0,0,39,9.1,High,30s,Medium
"Cross, Noah",10083,92329,Sr. Network Engineer,CT,06278,09/09/1965,M,Single,US Citizen,No,White,11/10/2014,,N/A-StillEmployed,Active,IT,Peter Monroe,7,Employee Referral,Fully Meets,5,3,4,01/02/2019,0,5,0,0,59,10.8,High,50s,Very High
"Ait Sidi, Karthikeyan   ",10084,61620,Sr. DBA,MA,02148,05/05/1975,M,Married,US Citizen,No,White,30/03/2015,16/06/2016,career change,Voluntarily Terminated,IS,Simon Roup,4,Indeed,Fully Meets,4.96,3,6,24/02/2016,0,17,1,1,50,1.2,High,40s,Medium
"Carabbio, Judith",10085,93396,Software Engineer,MA,02132,04/05/1987,F,Single,US Citizen,No,White,11/11/2013,,N/A-StillEmployed,Active,Software Engineering,Alex Sweetwater,10,Indeed,Fully Meets,4.96,4,6,30/01/2019,0,3,0,0,38,11.7,High,30s,Very High
"Roper, Katie",10086,61620,Data Architect,MA,02056,21/11/1972,F,Single,US Citizen,No,Black,01/07/2017,,N/A-StillEmployed,Active,IS,Brian Champaigne,13,Indeed,Fully Meets,4.94,3,5,02/06/2019,0,17,0,0,52,8.1,High,50s,Medium
"Leach, Dallas",10087,63676,Production Technician I,MA,01810,17/01/1979,F,Single,US Citizen,No,Asian,26/09/2011,19/08/2018,return to school,Voluntarily Terminated,Production,Kissy Sullivan,20,CareerBuilder,Fully Meets,4.88,3,0,07/02/2017,0,17,1,1,46,6.9,High,40s,High
"Alagbe,Trina",10088,64991,Production Technician I,MA,01886,27/09/1988,F,Married,US Citizen,No,White,01/07/2008,,N/A-StillEmployed,Active,Production,Elijiah Gray,16,Indeed,Fully Meets,4.84,5,0,01/03/2019,0,15,0,0,36,17.1,High,30s,High
"King, Janet",10089,61620,President & CEO,MA,01902,21/09/1954,F,Married,US Citizen,Yes,White,07/02/2012,,N/A-StillEmployed,Active,Executive Office,Board of Directors,9,Indeed,Fully Meets,4.83,3,0,17/01/2019,0,10,0,0,70,13.5,High,60+,Medium
"Spirea, Kelley",10090,65714,Production Manager,MA,02451,30/09/1975,F,Married,US Citizen,No,White,10/02/2012,,N/A-StillEmployed,Active,Production,Janet King,2,LinkedIn,Fully Meets,4.83,5,0,14/02/2019,0,15,0,0,49,13.5,High,40s,High
"Shields, Seffi",10091,52087,Production Technician I,MA,02149,24/08/1985,F,Married,US Citizen,No,White,19/08/2013,,N/A-StillEmployed,Active,Production,Amy Dunn,11,LinkedIn,Fully Meets,4.81,4,0,15/02/2019,0,15,0,0,39,12,High,30s,Low
"Landa, Hans",10092,82758,Production Manager,MA,01890,07/01/1972,M,Married,US Citizen,No,White,01/10/2011,12/12/2015,attendance,Terminated For Cause,Production,Janet King,2,Employee Referral,Fully Meets,4.78,4,0,15/02/2015,0,9,1,1,53,4.2,High,50s,Very High
"Fitzpatrick, Michael  J",10093,72609,Production Technician II,MA,02143,10/01/1981,M,Single,US Citizen,Yes,White,16/05/2011,24/06/2013,hours,Voluntarily Terminated,Production,Amy Dunn,11,Google Search,Fully Meets,4.76,5,0,04/05/2013,0,20,1,1,44,2.1,High,40s,Very High
"Cornett, Lisa ",10094,63381,Production Technician I,MA,02189,31/03/1977,F,Married,US Citizen,Yes,White,01/05/2015,,N/A-StillEmployed,Active,Production,Kelley Spirea,18,Indeed,Fully Meets,4.73,5,0,14/02/2019,0,6,0,0,48,10.3,High,40s,High
"Sloan, Constance",10095,63878,Production Technician II,MA,01851,25/11/1987,F,Single,US Citizen,No,White,26/10/2009,04/08/2015,maternity leave - did not return,Voluntarily Terminated,Production,Michael Albert,22,CareerBuilder,Fully Meets,4.68,4,0,04/02/2015,0,20,1,1,37,5.8,High,30s,High
"Lundy, Susan",10096,67237,Production Technician II,MA,02122,26/12/1976,F,Widowed,US Citizen,No,White,07/08/2013,15/09/2016,more money,Voluntarily Terminated,Production,Michael Albert,22,LinkedIn,Fully Meets,4.65,4,0,06/10/2016,0,15,1,1,48,3.1,High,40s,Very High
"Harrington, Christie ",10097,52177,Production Technician I,MA,02324,18/08/1952,F,Single,US Citizen,No,White,01/09/2012,15/12/2015,retiring,Voluntarily Terminated,Production,Webster Butler,39,CareerBuilder,Fully Meets,4.64,4,0,05/02/2015,0,8,1,1,73,3.3,High,60+,Low
"Gray, Elijiah  ",10098,62957,Production Manager,MA,01752,07/11/1981,M,Divorced,US Citizen,No,White,06/02/2015,,N/A-StillEmployed,Active,Production,Janet King,2,Employee Referral,Fully Meets,4.63,3,0,01/04/2019,0,2,0,0,43,10.5,High,40s,High
"Daneault, Lynn",10099,65729,Sales Manager,VT,05473,19/04/1990,F,Single,US Citizen,No,White,05/05/2014,,N/A-StillEmployed,Active,Sales,Debra Houlihan,15,Indeed,Fully Meets,4.62,4,0,24/01/2019,0,8,0,0,35,11.2,High,30s,High
"Demita, Carla",10100,58275,Production Technician II,MA,02343,25/02/1951,F,Separated,US Citizen,No,Black,04/04/2011,11/04/2015,more money,Voluntarily Terminated,Production,Kelley Spirea,18,Google Search,Fully Meets,4.62,5,0,05/06/2015,0,1,1,1,74,4,High,60+,Medium
"Gonzalez, Maria",10101,61242,IT Support,MA,02472,16/04/1981,F,Separated,US Citizen,Yes,White,01/05/2015,,N/A-StillEmployed,Active,IT,Peter Monroe,7,Employee Referral,Fully Meets,4.61,4,5,28/01/2019,0,11,0,0,44,10.3,High,40s,Medium
"True, Edward",10102,61620,Software Engineer,MA,02451,14/06/1983,M,Single,Non-Citizen,No,Black,18/02/2013,15/04/2018,medical issues,Voluntarily Terminated,Software Engineering,Alex Sweetwater,10,Diversity Job Fair,Fully Meets,4.6,3,4,02/12/2017,0,9,1,1,42,5.2,High,40s,Medium
"Leruth, Giovanni",10103,70468,Area Sales Manager,UT,84111,27/12/1988,M,Separated,US Citizen,No,Black,30/04/2012,,N/A-StillEmployed,Active,Sales,John Smith,17,Website,Fully Meets,4.53,3,0,29/01/2019,0,16,0,0,36,13.3,High,30s,Very High
"Nowlan, Kristie",10104,66738,Production Technician II,MA,01040,23/11/1985,F,Single,US Citizen,No,White,11/10/2014,,N/A-StillEmployed,Active,Production,Elijiah Gray,16,Indeed,Fully Meets,4.53,5,0,16/01/2019,0,5,0,0,39,10.8,High,30s,Very High
"Dunn, Amy  ",10105,75188,Production Manager,MA,01731,28/11/1973,F,Single,US Citizen,No,White,18/09/2014,,N/A-StillEmployed,Active,Production,Janet King,2,Google Search,Fully Meets,4.52,4,0,15/01/2019,0,4,0,0,51,10.9,High,50s,Very High
"Langford, Lindsey",10106,66074,Production Technician II,MA,02090,25/07/1979,F,Divorced,US Citizen,No,Asian,01/07/2013,31/03/2014,Another position,Voluntarily Terminated,Production,David Stanley,14,Indeed,Fully Meets,4.52,3,0,20/02/2014,0,20,1,1,46,0.7,High,40s,High
"Burke, Joelle",10107,63763,Production Technician II,MA,02148,03/02/1980,F,Single,US Citizen,No,Black,03/05/2012,,N/A-StillEmployed,Active,Production,Amy Dunn,11,Employee Referral,Fully Meets,4.51,4,0,21/02/2019,0,3,0,0,45,13.3,High,40s,High
"Champaigne, Brian",10108,61620,BI Director,MA,02045,02/09/1972,M,Married,US Citizen,No,White,09/06/2016,,N/A-StillEmployed,Active,IS,Jennifer Zamora,5,Indeed,Fully Meets,4.5,5,7,15/01/2019,0,8,0,0,52,9.2,High,50s,Medium
"Guilianno, Mike",10109,71707,Area Sales Manager,TN,37129,02/09/1969,M,Single,US Citizen,No,White,03/07/2012,31/10/2014,relocation out of area,Voluntarily Terminated,Sales,John Smith,17,LinkedIn,Fully Meets,4.5,5,0,02/01/2013,0,20,1,1,55,2.3,High,50s,Very High
"Martin, Sandra",10110,61620,Software Engineer,MA,02135,11/07/1987,F,Single,US Citizen,No,Asian,11/11/2013,,N/A-StillEmployed,Active,Software Engineering,Alex Sweetwater,10,Google Search,Fully Meets,4.5,5,4,14/01/2019,0,14,0,0,38,11.7,High,30s,Medium
"Garcia, Raul",10111,52249,Production Technician I,MA,01905,15/09/1985,M,Single,US Citizen,Yes,White,30/03/2015,,N/A-StillEmployed,Active,Production,David Stanley,14,Employee Referral,Fully Meets,4.5,3,0,18/02/2019,0,5,0,0,39,10.3,High,30s,Low
"Horton, Jayne",10112,61620,Database Administrator,MA,02493,21/02/1984,F,Single,US Citizen,No,White,30/03/2015,,N/A-StillEmployed,Active,IS,Simon Roup,4,Indeed,Fully Meets,4.48,5,6,01/03/2019,0,4,0,0,41,10.3,High,40s,Medium
"Lajiri,  Jyoti",10113,93206,Sr. Network Engineer,MA,02169,23/04/1986,M,Married,US Citizen,No,White,11/10/2014,,N/A-StillEmployed,Active,IT,Peter Monroe,7,Employee Referral,Fully Meets,4.46,5,6,01/07/2019,0,7,0,0,39,10.8,High,30s,Very High
"Bachiochi, Linda",10114,47837,Production Technician I,MA,01902,02/11/1970,F,Single,US Citizen,No,Black,07/06/2009,,N/A-StillEmployed,Active,Production,Brannon Miller,12,Diversity Job Fair,Fully Meets,4.46,3,0,25/01/2019,0,4,0,0,54,16.2,High,50s,Low
"Carey, Michael  ",10115,52846,Production Technician I,MA,01701,02/02/1983,M,Single,US Citizen,No,Black,31/03/2014,,N/A-StillEmployed,Active,Production,Kelley Spirea,18,LinkedIn,Fully Meets,4.43,3,0,02/01/2019,0,14,0,0,42,11.3,High,40s,Low
"Miller, Brannon",10116,83667,Production Manager,MA,02045,08/10/1981,M,Single,US Citizen,yes,Hispanic,16/08/2012,,N/A-StillEmployed,Active,Production,Janet King,2,Indeed,Fully Meets,4.37,3,0,14/01/2019,0,2,0,0,43,13,High,40s,Very High
"Sullivan, Timothy",10117,63025,Production Technician I,MA,02747,10/07/1982,M,Married,US Citizen,Yes,White,01/05/2015,,N/A-StillEmployed,Active,Production,Michael Albert,22,Google Search,Fully Meets,4.36,5,0,24/01/2019,0,10,0,0,43,10.3,High,40s,High
"Voldemort, Lord",10118,61620,Database Administrator,MA,01960,08/07/1986,M,Married,US Citizen,No,Black,16/02/2015,22/02/2017,"no-call, no-show",Terminated For Cause,IS,Simon Roup,4,Employee Referral,Fully Meets,4.33,3,7,15/02/2017,0,9,1,1,39,2,High,30s,Medium
"Soto, Julia ",10119,66593,IT Support,MA,02360,03/12/1973,F,Married,US Citizen,No,Black,06/10/2011,,N/A-StillEmployed,Active,IT,Eric Dougall,6,LinkedIn,Fully Meets,4.3,3,5,02/08/2019,0,19,0,0,51,13.8,High,50s,Very High
"Moumanil, Maliki ",10120,74417,Production Technician II,MA,01460,12/01/1974,M,Separated,US Citizen,No,Black,13/05/2013,,N/A-StillEmployed,Active,Production,Michael Albert,22,LinkedIn,Fully Meets,4.29,5,0,28/01/2019,0,11,0,0,51,12.2,High,50s,Very High
"Onque, Jasmine",10121,63051,Area Sales Manager,FL,33174,05/11/1990,F,Single,US Citizen,Yes,White,30/09/2013,,N/A-StillEmployed,Active,Sales,Lynn Daneault,21,Indeed,Fully Meets,4.28,3,0,25/01/2019,0,1,0,0,34,11.8,High,30s,High
"Gerke, Melisa",10122,51505,Production Technician I,MA,02330,15/05/1970,F,Divorced,US Citizen,No,Black,11/07/2011,15/11/2016,hours,Voluntarily Terminated,Production,Elijiah Gray,16,Diversity Job Fair,Fully Meets,4.24,4,0,29/04/2016,0,2,1,1,55,5.4,High,50s,Low
"Tippett, Jeanette",10123,56339,Production Technician I,MA,02093,06/05/1967,F,Divorced,US Citizen,No,Black,18/02/2013,,N/A-StillEmployed,Active,Production,Brannon Miller,12,Indeed,Fully Meets,4.21,5,0,14/01/2019,0,4,0,0,58,12.5,High,50s,Medium
"Potts, Xana",10124,61844,Area Sales Manager,KY,40220,29/08/1988,F,Married,US Citizen,No,Black,01/09/2012,,N/A-StillEmployed,Active,Sales,Lynn Daneault,21,Website,Fully Meets,4.2,5,0,02/01/2019,0,9,0,0,36,12.9,High,30s,High
"Handschiegl, Joanne",10125,54828,Production Technician I,MA,02127,23/03/1977,F,Married,US Citizen,No,White,28/11/2011,,N/A-StillEmployed,Active,Production,Michael Albert,22,Google Search,Fully Meets,4.2,4,0,22/02/2019,0,13,0,0,48,13.7,High,40s,Low
"Saada, Adell",10126,86214,Software Engineer,MA,02132,24/07/1986,F,Married,US Citizen,No,White,11/05/2012,,N/A-StillEmployed,Active,Software Engineering,Alex Sweetwater,10,Indeed,Fully Meets,4.2,3,6,13/02/2019,0,2,0,0,39,13.2,High,30s,Very High
"Warfield, Sarah",10127,61620,Sr. Network Engineer,MA,02453,05/02/1978,F,Widowed,US Citizen,No,Asian,30/03/2015,,N/A-StillEmployed,Active,IT,Peter Monroe,7,Employee Referral,Fully Meets,4.2,4,8,02/05/2019,0,7,0,0,47,10.3,High,40s,Medium
"Meads, Elizabeth",10128,62659,Production Technician I,MA,01760,30/05/1968,F,Single,US Citizen,No,Black,04/02/2012,11/11/2016,Another position,Voluntarily Terminated,Production,Kelley Spirea,18,Diversity Job Fair,Fully Meets,4.18,4,0,02/05/2016,0,17,1,1,57,4.8,High,50s,High
"Heitzman, Anthony",10129,46998,Production Technician I,MA,02149,01/04/1984,M,Single,US Citizen,No,White,13/08/2012,,N/A-StillEmployed,Active,Production,Ketsia Liebig,19,Google Search,Fully Meets,4.17,4,0,02/11/2019,0,1,0,0,41,13,High,40s,Low
"Peterson, Ebonee  ",10130,74669,Production Manager,MA,02030,05/09/1977,F,Married,US Citizen,No,White,25/10/2010,18/05/2016,Another position,Voluntarily Terminated,Production,Janet King,2,Indeed,Fully Meets,4.16,5,0,03/05/2015,0,6,1,1,47,5.6,High,40s,Very High
"Quinn, Sean",10131,83363,Software Engineer,MA,02045,11/06/1984,M,Married,Non-Citizen,No,Black,21/02/2011,15/08/2015,career change,Voluntarily Terminated,Software Engineering,Janet King,2,Diversity Job Fair,Fully Meets,4.15,4,0,19/04/2014,0,4,1,1,41,4.5,High,40s,Very High
"Crimmings,   Jean",10132,56149,Production Technician I,MA,01821,04/10/1987,F,Single,US Citizen,No,White,07/06/2016,,N/A-StillEmployed,Active,Production,Michael Albert,22,LinkedIn,Fully Meets,4.12,5,0,28/01/2019,0,15,0,0,37,9.2,High,30s,Medium
"Dolan, Linda",10133,70621,IT Support,MA,02119,18/07/1988,F,Married,US Citizen,No,White,01/05/2015,,N/A-StillEmployed,Active,IT,Peter Monroe,7,Employee Referral,Fully Meets,4.11,4,6,25/02/2019,0,16,0,0,37,10.3,High,30s,Very High
"LeBlanc, Brandon  R",10134,93046,Shared Services Manager,MA,01460,06/10/1984,M,Married,US Citizen,No,White,01/05/2016,,N/A-StillEmployed,Active,Admin Offices,Janet King,2,CareerBuilder,Fully Meets,4.1,4,0,28/01/2019,0,20,0,0,40,9.3,High,30s,Very High
"Woodson, Jason",10135,65893,Production Technician II,MA,01810,05/11/1985,M,Single,US Citizen,No,White,07/07/2014,,N/A-StillEmployed,Active,Production,Kissy Sullivan,20,LinkedIn,Fully Meets,4.07,4,0,28/02/2019,0,13,0,0,39,11.1,High,30s,High
"Fancett, Nicole",10136,65902,Production Technician II,MA,02324,27/09/1987,F,Single,US Citizen,No,Black,17/02/2014,,N/A-StillEmployed,Active,Production,Webster Butler,39,LinkedIn,Fully Meets,4,4,0,01/07/2019,0,7,0,0,37,11.5,High,30s,High
"Linden, Mathew",10137,63450,Production Technician II,MA,01770,19/03/1979,M,Married,US Citizen,No,White,07/08/2013,,N/A-StillEmployed,Active,Production,Kelley Spirea,18,LinkedIn,Fully Meets,4,3,0,18/02/2019,0,7,0,0,46,12,High,40s,High
"Jung, Judy  ",10138,61154,Production Technician I,MA,02446,17/04/1986,F,Married,US Citizen,No,Black,01/10/2011,04/01/2016,unhappy,Voluntarily Terminated,Production,Elijiah Gray,16,CareerBuilder,Fully Meets,4,4,0,02/03/2016,0,4,1,1,39,4.3,High,30s,Medium
"Ivey, Rose ",10139,51908,Production Technician I,MA,01775,28/01/1991,F,Single,US Citizen,No,White,19/08/2013,,N/A-StillEmployed,Active,Production,Brannon Miller,12,Indeed,Fully Meets,3.99,3,0,14/01/2019,0,14,0,0,34,12,Medium,30s,Low
"Ren, Kylo",10140,61809,Area Sales Manager,ID,83706,10/12/1954,M,Married,US Citizen,No,White,05/12/2014,,N/A-StillEmployed,Active,Sales,John Smith,17,CareerBuilder,Fully Meets,3.98,3,0,28/01/2019,0,4,0,0,70,10.7,Medium,60+,High
"Theamstern, Sophia",10141,48413,Production Technician I,MA,02066,05/09/1965,F,Single,US Citizen,No,White,07/05/2011,09/05/2016,return to school,Voluntarily Terminated,Production,Amy Dunn,11,Indeed,Fully Meets,3.98,4,0,03/02/2016,0,1,1,1,59,5,Medium,50s,Low
"Gill, Whitney  ",10142,59370,Area Sales Manager,OH,43050,07/10/1971,F,Widowed,US Citizen,No,Black,07/07/2014,09/05/2015,attendance,Terminated For Cause,Sales,John Smith,17,CareerBuilder,Fully Meets,3.97,4,0,15/01/2014,0,7,1,1,53,0.8,Medium,50s,Medium
"Davis, Daniel",10143,56294,Production Technician II,MA,02458,14/09/1979,M,Single,Non-Citizen,No,White,11/07/2011,,N/A-StillEmployed,Active,Production,Kissy Sullivan,20,LinkedIn,Fully Meets,3.96,4,0,27/02/2019,0,6,0,0,45,14.1,Medium,40s,Medium
"Vega, Vincent",10144,88976,Production Manager,MA,02169,10/10/1968,M,Divorced,US Citizen,No,White,08/01/2011,,N/A-StillEmployed,Active,Production,Janet King,2,Employee Referral,Fully Meets,3.93,3,0,27/02/2019,0,19,0,0,56,14.6,Medium,50s,Very High
"Mckenna, Sandy",10145,62810,Production Technician I,MA,02184,01/07/1987,F,Married,US Citizen,No,Black,01/07/2013,,N/A-StillEmployed,Active,Production,Kissy Sullivan,20,CareerBuilder,Fully Meets,3.93,3,0,30/01/2019,0,20,0,0,38,12.1,Medium,30s,High
"Tejeda, Lenora ",10146,72202,Production Technician II,MA,02129,24/05/1953,F,Married,US Citizen,No,White,16/05/2011,07/08/2017,Another position,Voluntarily Terminated,Production,Elijiah Gray,16,Google Search,Fully Meets,3.93,3,0,18/04/2017,0,3,1,1,72,6.2,Medium,60+,Very High
"Steans, Tyrone  ",10147,63003,Accountant I,MA,02703,09/01/1986,M,Single,US Citizen,No,White,29/09/2014,,N/A-StillEmployed,Active,Admin Offices,Brandon R. LeBlanc,1,Indeed,Fully Meets,3.9,5,5,18/01/2019,0,9,0,0,39,10.8,Medium,30s,High
"Panjwani, Nina",10148,63515,Production Technician I,MA,02351,05/01/1979,F,Married,US Citizen,No,White,02/07/2011,01/12/2014,Another position,Voluntarily Terminated,Production,Elijiah Gray,16,Google Search,Fully Meets,3.89,4,0,03/04/2013,0,7,1,1,46,3.4,Medium,40s,High
"Roehrich, Bianca",10149,61620,Principal Data Architect,MA,02703,27/05/1973,F,Single,US Citizen,Yes,White,01/05/2015,11/10/2018,Another position,Voluntarily Terminated,IS,Simon Roup,4,LinkedIn,Fully Meets,3.88,3,7,13/02/2018,0,12,1,1,52,3.4,Medium,50s,Medium
"Cady, Max ",10150,77692,Software Engineering Manager,MA,02184,22/11/1966,M,Single,US Citizen,No,White,15/08/2011,,N/A-StillEmployed,Active,Software Engineering,Jennifer Zamora,5,Google Search,Fully Meets,3.84,3,5,21/01/2019,0,4,0,0,58,14,Medium,50s,Very High
"Morway, Tanya",10151,52599,Network Engineer,MA,02048,04/04/1979,F,Married,US Citizen,No,White,16/02/2015,,N/A-StillEmployed,Active,IT,Peter Monroe,7,CareerBuilder,Fully Meets,3.81,3,6,02/11/2019,0,6,0,0,46,10.5,Medium,40s,Low
"Rarrick, Quinn",10152,61729,Production Technician I,MA,02478,31/12/1984,M,Divorced,US Citizen,No,White,26/09/2011,04/07/2018,more money,Voluntarily Terminated,Production,Michael Albert,22,Indeed,Fully Meets,3.8,5,0,02/04/2018,0,19,1,1,40,6.8,Medium,30s,High
"Smith, Leigh Ann",10153,55000,Administrative Assistant,MA,01844,14/06/1987,F,Married,US Citizen,No,Black,26/09/2011,25/09/2013,career change,Voluntarily Terminated,Admin Offices,Brandon R. LeBlanc,1,Diversity Job Fair,Fully Meets,3.8,4,4,15/08/2013,0,17,1,1,38,2,Medium,30s,Low
"Chang, Donovan  E",10154,60380,Production Technician I,MA,01845,24/08/1983,M,Single,US Citizen,No,White,07/08/2013,,N/A-StillEmployed,Active,Production,Webster Butler,39,LinkedIn,Fully Meets,3.8,5,0,14/01/2019,0,4,0,0,41,12,Medium,40s,Medium
"Del Bosque, Keyla",10155,61620,Software Engineer,MA,02176,07/05/1979,F,Single,US Citizen,No,Black,01/09/2012,,N/A-StillEmployed,Active,Software Engineering,Alex Sweetwater,10,CareerBuilder,Fully Meets,3.79,5,5,25/01/2019,0,8,0,0,46,12.9,Medium,40s,Medium
"Johnson, Noelle ",10156,61620,Database Administrator,MA,02301,11/07/1986,F,Married,US Citizen,No,Asian,01/05/2015,,N/A-StillEmployed,Active,IS,Simon Roup,4,Indeed,Fully Meets,3.75,3,5,02/11/2019,0,2,0,0,39,10.3,Medium,30s,Medium
"Smith, Sade",10157,58939,Production Technician I,MA,02130,02/02/1965,F,Single,US Citizen,No,White,11/11/2013,,N/A-StillEmployed,Active,Production,Ketsia Liebig,19,Employee Referral,Fully Meets,3.73,3,0,24/01/2019,0,16,0,0,60,11.7,Medium,50s,Medium
"Sullivan, Kissy ",10158,63682,Production Manager,MA,01776,28/03/1978,F,Married,US Citizen,No,Black,01/08/2009,,N/A-StillEmployed,Active,Production,Janet King,2,Indeed,Fully Meets,3.73,4,0,24/01/2019,0,12,0,0,47,16,Medium,40s,High
"Gentry, Mildred",10159,51337,Production Technician I,MA,02145,10/01/1990,F,Married,US Citizen,No,Black,30/03/2015,,N/A-StillEmployed,Active,Production,Michael Albert,22,LinkedIn,Fully Meets,3.73,3,0,16/01/2019,0,19,0,0,35,10.3,Medium,30s,Low
"Huynh, Ming",10160,68182,Production Technician II,MA,01742,22/09/1976,F,Divorced,US Citizen,No,White,21/02/2011,04/01/2013,unhappy,Voluntarily Terminated,Production,Amy Dunn,11,Google Search,Fully Meets,3.72,3,0,02/01/2013,0,18,1,1,48,1.9,Medium,40s,Very High
"Terry, Sharlene ",10161,58370,Area Sales Manager,OR,97756,05/07/1965,F,Single,US Citizen,No,Black,29/09/2014,,N/A-StillEmployed,Active,Sales,Lynn Daneault,21,Indeed,Fully Meets,3.69,3,0,28/01/2019,0,18,0,0,60,10.8,Medium,50s,Medium
"Roby, Lori ",10162,89883,Data Analyst,MA,01886,10/11/1981,F,Married,US Citizen,No,White,16/02/2015,,N/A-StillEmployed,Active,IS,Simon Roup,4,Employee Referral,Fully Meets,3.69,5,6,14/02/2019,0,15,0,0,43,10.5,Medium,40s,Very High
"Foreman, Tanya",10163,55965,Production Technician II,MA,02170,11/08/1983,F,Married,US Citizen,No,White,04/04/2011,01/09/2013,career change,Voluntarily Terminated,Production,Ketsia Liebig,19,Google Search,Fully Meets,3.66,3,0,01/07/2012,0,6,1,1,42,2.4,Medium,40s,Medium
"Pitt, Brad ",10164,47001,Production Technician I,MA,02451,23/11/1981,M,Single,US Citizen,No,White,11/05/2007,,N/A-StillEmployed,Active,Production,David Stanley,14,Google Search,Fully Meets,3.66,3,0,25/02/2019,0,15,0,0,43,18.2,Medium,40s,Low
"Kreuger, Freddy",10165,71339,Area Sales Manager,NY,10171,24/02/1969,M,Single,US Citizen,Yes,Black,03/07/2011,,N/A-StillEmployed,Active,Sales,John Smith,17,Diversity Job Fair,Fully Meets,3.65,5,0,17/01/2019,0,20,0,0,56,14.1,Medium,50s,Very High
"Kinsella, Kathleen  ",10166,54005,Production Technician I,MA,02170,12/08/1973,F,Married,US Citizen,No,White,26/09/2011,06/04/2015,more money,Voluntarily Terminated,Production,Webster Butler,39,Google Search,Fully Meets,3.6,5,0,03/01/2015,0,16,1,1,52,3.5,Medium,50s,Low
"Hitchcock, Alfred",10167,70545,Area Sales Manager,NH,03062,14/09/1988,M,Married,US Citizen,No,Indian,18/08/2014,,N/A-StillEmployed,Active,Sales,John Smith,17,Indeed,Fully Meets,3.6,5,0,30/01/2019,0,9,0,0,36,11,Medium,30s,Very High
"Cierpiszewski, Caroline  ",10168,64816,Production Technician I,MA,02044,31/05/1988,F,Single,Non-Citizen,No,Black,10/03/2011,,N/A-StillEmployed,Active,Production,Ketsia Liebig,19,Indeed,Fully Meets,3.58,5,0,30/01/2019,0,3,0,0,37,14.4,Medium,30s,High
"Sander, Kamrin",10169,56147,Production Technician I,MA,02154,07/10/1988,F,Married,US Citizen,No,Black,29/09/2014,,N/A-StillEmployed,Active,Production,Elijiah Gray,16,LinkedIn,Fully Meets,3.51,3,0,18/02/2019,0,2,0,0,36,10.8,Medium,30s,Medium
"Kirill, Alexandra  ",10170,45433,Production Technician I,MA,02127,10/08/1970,F,Married,US Citizen,No,White,26/09/2011,01/09/2014,more money,Voluntarily Terminated,Production,Amy Dunn,11,Google Search,Fully Meets,3.49,4,0,30/01/2013,0,6,1,1,55,2.9,Medium,50s,Low
"Perry, Shakira",10171,45998,Production Technician I,MA,02176,20/07/1986,F,Single,US Citizen,No,White,16/05/2011,25/10/2015,medical issues,Voluntarily Terminated,Production,Amy Dunn,11,LinkedIn,Fully Meets,3.45,4,0,13/05/2014,0,5,1,1,39,4.4,Medium,30s,Low
"Wang, Charlie",10172,84903,Senior BI Developer,MA,01887,07/08/1981,M,Single,US Citizen,No,Asian,15/02/2017,,N/A-StillEmployed,Active,IS,Brian Champaigne,13,Indeed,Fully Meets,3.42,4,7,01/04/2019,0,17,0,0,44,8.5,Medium,40s,Very High
"Tannen, Biff",10173,90100,BI Developer,MA,02134,24/10/1987,M,Married,US Citizen,No,White,20/04/2017,,N/A-StillEmployed,Active,IS,Brian Champaigne,13,Indeed,Fully Meets,3.4,3,6,01/02/2019,0,14,0,0,37,8.3,Medium,30s,Very High
"Wolk, Hang  T",10174,60446,Production Technician II,MA,02302,20/04/1985,F,Single,US Citizen,No,White,29/09/2014,,N/A-StillEmployed,Active,Production,David Stanley,14,LinkedIn,Fully Meets,3.4,4,0,21/02/2019,0,14,0,0,40,10.8,Medium,30s,Medium
"Bozzi, Charles",10175,74312,Production Manager,MA,01901,03/10/1970,M,Single,US Citizen,No,Asian,30/09/2013,08/07/2014,retiring,Voluntarily Terminated,Production,Janet King,2,Indeed,Fully Meets,3.39,3,0,20/02/2014,0,14,1,1,54,0.8,Medium,50s,Very High
"Kretschmer, John",10176,63973,Production Technician I,MA,01801,02/02/1980,M,Married,US Citizen,No,Asian,01/10/2011,,N/A-StillEmployed,Active,Production,Brannon Miller,12,Indeed,Fully Meets,3.38,3,0,21/01/2019,0,17,0,0,45,13.8,Medium,40s,High
"Brill, Donna",10177,53492,Production Technician I,MA,01701,24/08/1990,F,Married,US Citizen,No,White,04/02/2012,15/06/2013,Another position,Voluntarily Terminated,Production,David Stanley,14,Google Search,Fully Meets,3.35,4,0,03/04/2013,0,6,1,1,34,1.4,Medium,30s,Low
"Simard, Kramer",10178,87826,Data Analyst,MA,02110,02/08/1970,M,Married,US Citizen,Yes,White,01/05/2015,,N/A-StillEmployed,Active,IS,Simon Roup,4,Employee Referral,Fully Meets,3.32,3,7,14/01/2019,0,16,0,0,55,10.3,Medium,50s,Very High
"Shepard, Anita ",10179,50750,Network Engineer,MA,01773,14/04/1981,F,Married,US Citizen,No,White,30/09/2014,,N/A-StillEmployed,Active,IT,Peter Monroe,7,LinkedIn,Fully Meets,3.31,3,6,01/07/2019,0,7,0,0,44,10.8,Medium,40s,Low
"Soze, Keyser",10180,87565,Sr. Network Engineer,MA,01545,02/09/1983,M,Married,US Citizen,No,Asian,30/06/2016,,N/A-StillEmployed,Active,IT,Peter Monroe,7,LinkedIn,Fully Meets,3.27,4,5,14/01/2019,0,13,0,0,41,9.1,Medium,40s,Very High
"Burkett, Benjamin ",10181,62162,Production Technician II,MA,01890,19/08/1977,M,Married,US Citizen,No,White,04/04/2011,,N/A-StillEmployed,Active,Production,Ketsia Liebig,19,Indeed,Fully Meets,3.25,5,0,14/01/2019,0,15,0,0,47,14.3,Medium,40s,High
"Howard, Estelle",10182,49920,Administrative Assistant,MA,02170,16/09/1985,F,Married,US Citizen,No,Black,16/02/2015,15/04/2015,"no-call, no-show",Terminated For Cause,Admin Offices,Brandon R. LeBlanc,1,Indeed,Fully Meets,3.24,3,4,15/04/2015,0,6,1,1,39,0.2,Medium,30s,Low
"Von Massenbach, Anna",10183,62068,Production Technician I,MA,02124,04/06/1985,F,Single,US Citizen,No,White,07/05/2015,,N/A-StillEmployed,Active,Production,Michael Albert,22,LinkedIn,Fully Meets,3.21,3,0,29/01/2019,0,7,0,0,40,10.2,Medium,30s,High
"Buccheri, Joseph  ",10184,65288,Production Technician II,MA,01013,28/07/1983,M,Single,US Citizen,No,White,29/09/2014,,N/A-StillEmployed,Active,Production,Webster Butler,39,Google Search,Fully Meets,3.19,3,0,02/01/2019,0,9,0,0,42,10.8,Medium,40s,High
"Ndzi, Horia",10185,46664,Production Technician I,MA,02421,28/03/1983,M,Married,US Citizen,No,White,04/01/2013,25/05/2016,more money,Voluntarily Terminated,Production,Amy Dunn,11,Employee Referral,Fully Meets,3.18,3,0,03/06/2016,0,10,1,1,42,3.4,Medium,40s,Low
"Linares, Marilyn ",10186,52624,Production Technician I,MA,01886,26/03/1981,F,Married,US Citizen,No,White,07/05/2011,26/09/2018,unhappy,Voluntarily Terminated,Production,Michael Albert,22,Indeed,Fully Meets,3.18,4,0,03/02/2018,0,16,1,1,44,7.4,Medium,40s,Low
"Power, Morissa",10187,46799,Production Technician I,MA,01742,15/10/1984,F,Divorced,Non-Citizen,No,Asian,16/05/2011,06/04/2018,Another position,Voluntarily Terminated,Production,Kissy Sullivan,20,Google Search,Fully Meets,3.17,4,0,04/02/2018,0,14,1,1,40,6.9,Medium,30s,Low
"Bunbury, Jessica",10188,74326,Area Sales Manager,VA,21851,06/01/1964,F,Married,Non-Citizen,No,Black,15/08/2011,08/02/2014,Another position,Voluntarily Terminated,Sales,John Smith,17,Google Search,Fully Meets,3.14,5,0,02/10/2013,1,19,1,1,61,2.5,Medium,60+,Very High
"Ferguson, Susan",10189,57748,Production Technician I,MA,02176,14/04/1955,F,Married,US Citizen,No,White,11/07/2011,17/05/2016,military,Voluntarily Terminated,Production,Webster Butler,39,Google Search,Fully Meets,3.13,3,0,02/04/2016,0,16,1,1,70,4.9,Medium,60+,Medium
"Walker, Roger",10190,66541,Production Technician II,MA,02459,02/10/1976,M,Single,US Citizen,No,Black,18/08/2014,,N/A-StillEmployed,Active,Production,Ketsia Liebig,19,Employee Referral,Fully Meets,3.11,5,0,02/12/2019,0,4,0,0,48,11,Medium,40s,Very High
"MacLennan, Samuel",10191,52788,Production Technician I,MA,01938,11/09/1972,M,Widowed,US Citizen,No,White,24/09/2012,26/09/2017,hours,Voluntarily Terminated,Production,Amy Dunn,11,Indeed,Fully Meets,3.08,4,0,04/01/2017,0,18,1,1,52,5,Medium,50s,Low
"Keatts, Kramer ",10192,50482,Production Technician I,MA,01887,19/01/1976,M,Single,US Citizen,No,White,30/09/2013,,N/A-StillEmployed,Active,Production,Michael Albert,22,Indeed,Fully Meets,3.07,4,0,23/01/2019,0,10,0,0,49,11.8,Medium,40s,Low
"Costello, Frank",10193,83552,Data Analyst,MA,01810,26/08/1986,M,Married,US Citizen,No,White,30/03/2015,,N/A-StillEmployed,Active,IS,Simon Roup,4,Indeed,Fully Meets,3.04,3,6,22/01/2019,0,2,0,0,38,10.3,Medium,30s,Very High
"Andreola, Colby",10194,95660,Software Engineer,MA,02110,24/05/1979,F,Single,US Citizen,No,White,11/10/2014,,N/A-StillEmployed,Active,Software Engineering,Alex Sweetwater,10,LinkedIn,Fully Meets,3.04,3,4,01/02/2019,0,19,0,0,46,10.8,Medium,40s,Very High
"Homberger, Adrienne  J",10195,63478,Production Technician II,MA,02445,16/02/1984,F,Married,Non-Citizen,No,White,15/08/2011,04/07/2012,relocation out of area,Voluntarily Terminated,Production,Michael Albert,30,Indeed,Fully Meets,3.03,5,0,03/05/2012,0,16,1,1,41,0.9,Medium,40s,High
"Akinkuolie, Sarah",10196,64955,Production Technician II,MA,01810,19/09/1988,F,Married,US Citizen,No,White,07/05/2011,24/09/2012,hours,Voluntarily Terminated,Production,Kissy Sullivan,20,LinkedIn,Fully Meets,3.02,3,0,15/05/2012,0,3,1,1,36,1.4,Medium,30s,High
"DeVito, Tommy",10197,96820,BI Developer,MA,02045,09/04/1983,M,Single,US Citizen,No,White,15/02/2017,,N/A-StillEmployed,Active,IS,Brian Champaigne,13,Indeed,Fully Meets,3.01,5,7,23/01/2019,0,15,0,0,42,8.5,Medium,40s,Very High
"Roup,Simon",10198,61620,IT Manager - DB,MA,02481,04/05/1973,M,Single,US Citizen,No,White,20/01/2013,,N/A-StillEmployed,Active,IT,Jennifer Zamora,5,Indeed,Fully Meets,3.6,5,7,18/02/2019,0,13,0,0,52,12.5,Medium,50s,Medium
"Booth, Frank",10199,61620,Enterprise Architect,CT,06033,30/07/1964,M,Single,US Citizen,No,Black,17/02/2014,19/02/2016,Learned that he is a gangster,Terminated For Cause,IT,Simon Roup,4,LinkedIn,Fully Meets,3.5,5,7,01/10/2016,0,2,1,1,61,2,Medium,60+,Medium
"Chigurh, Anton",10200,66808,Area Sales Manager,TX,78207,06/11/1970,M,Single,Non-Citizen,No,Black,14/05/2012,,N/A-StillEmployed,Active,Sales,Lynn Daneault,21,Employee Referral,Fully Meets,3,5,0,19/01/2019,0,17,0,0,54,13.2,Medium,50s,Very High
"Hunts, Julissa",10201,69340,Production Technician II,MA,02021,03/11/1984,F,Single,US Citizen,No,White,06/06/2016,,N/A-StillEmployed,Active,Production,Elijiah Gray,16,LinkedIn,Fully Meets,3,5,0,18/01/2019,0,4,0,0,40,9.2,Medium,30s,Very High
"McKinzie, Jac",10202,63291,Area Sales Manager,TX,78789,07/01/1984,M,Married,US Citizen,No,White,07/06/2016,,N/A-StillEmployed,Active,Sales,Lynn Daneault,21,Website,Fully Meets,3.4,4,0,29/01/2019,0,7,0,0,41,9.2,Medium,40s,High
"Bugali, Josephine ",10203,64375,Production Technician I,MA,02043,30/10/1969,F,Separated,US Citizen,No,Black,11/11/2013,,N/A-StillEmployed,Active,Production,Kissy Sullivan,20,Diversity Job Fair,Fully Meets,3.5,5,0,21/01/2019,0,17,0,0,55,11.7,Medium,50s,High
"Wilkes, Annie",10204,58062,Production Technician I,MA,01876,30/07/1983,F,Divorced,US Citizen,No,White,01/10/2011,14/05/2012,Another position,Voluntarily Terminated,Production,Ketsia Liebig,19,Google Search,Fully Meets,3.6,5,0,02/06/2011,0,9,1,1,42,0.6,Medium,40s,Medium
"Valentin,Jackie",10205,57859,Area Sales Manager,AZ,85006,23/05/1991,F,Married,US Citizen,No,White,07/05/2011,,N/A-StillEmployed,Active,Sales,John Smith,17,Indeed,Fully Meets,2.81,3,0,17/01/2019,0,16,0,0,34,14.2,Medium,30s,Medium
"Nguyen, Lei-Ming",10206,62061,Production Technician I,MA,02132,07/07/1984,F,Single,US Citizen,No,White,07/08/2013,,N/A-StillEmployed,Active,Production,David Stanley,14,LinkedIn,Fully Meets,3.6,5,0,01/02/2019,0,4,0,0,41,12,Medium,40s,High
"Dobrin, Denisa  S",10207,46335,Production Technician I,MA,02125,10/07/1986,F,Single,US Citizen,Yes,White,04/02/2012,,N/A-StillEmployed,Active,Production,David Stanley,14,CareerBuilder,Fully Meets,3.4,5,0,19/02/2019,0,15,0,0,39,13.5,Medium,30s,Low
"Knapp, Bradley  J",10208,46654,Production Technician I,MA,01721,11/10/1977,M,Single,US Citizen,No,Black,17/02/2014,,N/A-StillEmployed,Active,Production,Ketsia Liebig,19,LinkedIn,Fully Meets,3.1,3,0,02/06/2019,0,3,0,0,47,11.5,Medium,40s,Low
"Sutwell, Barbara",10209,59238,Production Technician I,MA,02718,15/08/1968,F,Single,Non-Citizen,No,Asian,14/05/2012,,N/A-StillEmployed,Active,Production,Elijiah Gray,16,Indeed,Fully Meets,3.4,5,0,31/01/2019,0,13,0,0,57,13.2,Medium,50s,Medium
"Chan, Lin",10210,54237,Production Technician I,MA,02170,02/12/1979,F,Single,US Citizen,No,White,05/12/2014,,N/A-StillEmployed,Active,Production,Elijiah Gray,16,Indeed,Fully Meets,3.3,4,0,19/02/2019,0,11,0,0,45,10.7,Medium,40s,Low
"Dunne, Amy",10211,62514,Production Technician I,MA,01749,23/09/1973,F,Married,US Citizen,No,White,26/04/2010,,N/A-StillEmployed,Active,Production,Ketsia Liebig,19,Google Search,Fully Meets,2.9,3,0,21/01/2019,0,6,0,0,51,15.3,Medium,50s,High
"Daniele, Ann  ",10212,85028,Sr. Network Engineer,CT,06033,18/01/1952,F,Married,US Citizen,No,White,11/10/2014,,N/A-StillEmployed,Active,IT,Peter Monroe,7,LinkedIn,Fully Meets,3.1,5,8,02/12/2019,0,19,0,0,73,10.8,Medium,60+,Very High
"Monkfish, Erasumus",10213,58207,Production Technician II,MA,01450,17/08/1992,M,Married,US Citizen,No,White,11/07/2011,,N/A-StillEmployed,Active,Production,David Stanley,14,LinkedIn,Fully Meets,3.7,3,0,01/08/2019,0,14,0,0,32,14.1,Medium,30s,Medium
"Hutter, Rosalie",10214,64995,Production Technician II,MA,02351,05/07/1992,F,Separated,US Citizen,No,White,06/05/2015,,N/A-StillEmployed,Active,Production,Webster Butler,39,Indeed,Fully Meets,4.5,3,0,14/02/2019,0,6,0,0,33,10.2,High,30s,High
"Ndzi, Colombui",10215,50470,Production Technician I,MA,02110,05/02/1989,M,Single,US Citizen,No,Black,26/09/2011,04/04/2014,return to school,Voluntarily Terminated,Production,Webster Butler,39,Diversity Job Fair,Fully Meets,4.3,3,0,03/02/2013,0,19,1,1,36,2.5,High,30s,Low
"Myers, Michael",10216,57575,Production Technician I,MA,01550,18/04/1980,M,Single,US Citizen,No,Asian,07/08/2013,,N/A-StillEmployed,Active,Production,Kissy Sullivan,20,LinkedIn,Fully Meets,4.1,4,0,22/01/2019,0,13,0,0,45,12,High,40s,Medium
"Petingill, Shana  ",10217,74226,Production Technician II,MA,02050,03/10/1979,F,Married,Non-Citizen,No,Asian,04/02/2012,,N/A-StillEmployed,Active,Production,Brannon Miller,12,LinkedIn,Fully Meets,4.3,3,0,14/01/2019,0,14,0,0,45,13.5,High,40s,Very High
"Gosciminski, Phylicia  ",10218,66149,Production Technician II,MA,01824,12/08/1983,F,Separated,US Citizen,No,Indian,30/09/2013,,N/A-StillEmployed,Active,Production,Kissy Sullivan,20,Google Search,Fully Meets,4.4,5,0,21/02/2019,0,1,0,0,42,11.8,High,40s,High
"Mahoney, Lauren  ",10219,45395,Production Technician I,MA,02189,07/07/1986,F,Single,US Citizen,No,White,01/06/2014,,N/A-StillEmployed,Active,Production,Ketsia Liebig,19,LinkedIn,Fully Meets,4.6,4,0,26/02/2019,0,14,0,0,39,11.2,High,30s,Low
"Clayton, Rick",10220,68678,IT Support,MA,02170,09/05/1985,M,Single,US Citizen,No,White,09/05/2012,,N/A-StillEmployed,Active,IT,Eric Dougall,6,Indeed,Fully Meets,4.7,3,6,27/02/2019,0,2,0,0,40,13.2,High,30s,Very High
"Tavares, Desiree  ",10221,60754,Production Technician I,MA,01801,04/03/1975,F,Married,Non-Citizen,No,Black,27/04/2009,04/01/2013,Another position,Voluntarily Terminated,Production,Webster Butler,39,Diversity Job Fair,Fully Meets,4.5,5,0,15/02/2012,0,11,1,1,50,3.7,High,40s,Medium
"Ruiz, Ricardo",10222,61620,IT Manager - DB,MA,01915,01/04/1964,M,Divorced,US Citizen,No,Black,01/09/2012,11/04/2015,hours,Voluntarily Terminated,IT,Jennifer Zamora,5,Diversity Job Fair,Fully Meets,4.3,4,6,01/04/2015,0,8,1,1,61,2.6,High,60+,Medium
"Moran, Patrick",10223,72106,Production Technician II,MA,02127,12/03/1976,M,Single,US Citizen,No,Black,01/09/2012,,N/A-StillEmployed,Active,Production,Kelley Spirea,18,Diversity Job Fair,Fully Meets,4.1,4,0,31/01/2019,0,12,0,0,49,12.9,High,40s,Very High
"Robertson, Peter",10224,55578,Production Technician II,MA,02138,07/03/1972,M,Married,US Citizen,No,White,07/05/2011,02/08/2012,Another position,Voluntarily Terminated,Production,Kissy Sullivan,20,Indeed,Fully Meets,4.2,5,0,01/06/2012,0,13,1,1,53,1.2,High,50s,Medium
"Punjabhi, Louis  ",10225,59472,Production Technician I,MA,02109,19/06/1961,M,Single,US Citizen,No,White,01/06/2014,,N/A-StillEmployed,Active,Production,Kelley Spirea,18,Employee Referral,Fully Meets,4.8,3,0,01/07/2019,0,14,0,0,64,11.2,High,60+,Medium
"Biden, Lowan  M",10226,64919,Production Technician I,MA,02027,27/12/1958,F,Divorced,US Citizen,No,Asian,19/08/2013,,N/A-StillEmployed,Active,Production,Ketsia Liebig,19,Indeed,Fully Meets,4.2,3,0,01/10/2019,0,2,0,0,66,12,High,60+,High
"Jackson, Maryellen",10227,61242,Production Technician I,MA,02081,09/11/1972,F,Single,US Citizen,No,Black,11/05/2012,,N/A-StillEmployed,Active,Production,David Stanley,14,LinkedIn,Fully Meets,4.1,3,0,17/01/2019,0,7,0,0,52,13.2,High,50s,Medium
"Goeth, Amon",10228,74679,IT Support,MA,02135,24/11/1989,M,Married,US Citizen,Yes,White,30/03/2015,,N/A-StillEmployed,Active,IT,Peter Monroe,7,LinkedIn,Fully Meets,4.3,5,7,01/10/2019,0,20,0,0,35,10.3,High,30s,Very High
"Salter, Jason",10229,88527,Data Analyst ,MA,02452,17/12/1987,M,Divorced,US Citizen,No,Black,01/05/2015,31/10/2015,hours,Voluntarily Terminated,IS,Simon Roup,4,LinkedIn,Fully Meets,4.2,3,5,20/04/2015,0,2,1,1,37,0.5,High,30s,Very High
"Roberson, May",10230,64971,Production Technician II,MA,01902,09/05/1981,F,Divorced,Non-Citizen,No,Black,26/09/2011,22/10/2011,return to school,Voluntarily Terminated,Production,David Stanley,14,Google Search,Fully Meets,4.5,4,0,22/10/2011,0,10,1,1,44,0.1,High,40s,High
"Khemmich, Bartholemew",10231,65310,Area Sales Manager,CO,80820,27/11/1979,M,Single,US Citizen,No,White,19/08/2013,,N/A-StillEmployed,Active,Sales,Lynn Daneault,21,Indeed,Fully Meets,4.3,5,0,22/01/2019,0,13,0,0,45,12,High,40s,High
"Le, Binh",10232,81584,Senior BI Developer,MA,01886,14/06/1987,F,Single,US Citizen,No,Asian,10/02/2016,,N/A-StillEmployed,Active,IS,Brian Champaigne,13,Indeed,Fully Meets,4.1,5,7,01/08/2019,0,2,0,0,38,9.5,High,30s,Very High
"Sahoo, Adil",10233,57975,Production Technician II,MA,02062,26/04/1986,M,Married,US Citizen,No,White,30/08/2010,,N/A-StillEmployed,Active,Production,Kelley Spirea,18,CareerBuilder,Fully Meets,4.1,3,0,01/10/2019,0,13,0,0,39,14.9,High,30s,Medium
"Gruber, Hans",10234,61620,BI Developer,MA,02134,30/06/1989,M,Married,US Citizen,No,Black,20/04/2017,,N/A-StillEmployed,Active,IS,Brian Champaigne,13,Indeed,Fully Meets,4.2,5,5,28/01/2019,0,8,0,0,36,8.3,High,30s,Medium
"England, Rex",10235,54285,Production Technician I,MA,02045,25/08/1978,M,Married,US Citizen,No,White,31/03/2014,,N/A-StillEmployed,Active,Production,Kelley Spirea,18,Employee Referral,Fully Meets,4.2,3,0,01/11/2019,0,3,0,0,46,11.3,High,40s,Low
"Jacobi, Hannah  ",10236,45069,Production Technician I,MA,01778,22/03/1966,F,Divorced,US Citizen,No,White,30/09/2013,,N/A-StillEmployed,Active,Production,Kissy Sullivan,20,Employee Referral,Fully Meets,4.3,5,0,22/02/2019,0,7,0,0,59,11.8,High,50s,Low
"Good, Susan",10237,66825,Production Technician II,MA,01886,25/05/1986,F,Married,US Citizen,No,White,05/12/2014,,N/A-StillEmployed,Active,Production,David Stanley,14,LinkedIn,Fully Meets,4.6,3,0,02/07/2019,0,20,0,0,39,10.7,High,30s,Very High
"Brown, Mia",10238,63000,Accountant I,MA,01450,24/11/1987,F,Married,US Citizen,No,Black,27/10/2008,,N/A-StillEmployed,Active,Admin Offices,Brandon R. LeBlanc,1,Diversity Job Fair,Fully Meets,4.5,2,6,15/01/2019,0,14,0,0,37,16.8,High,30s,High
"Rachael, Maggie",10239,95920,BI Developer,MA,02110,05/12/1980,F,Married,US Citizen,No,Black,10/02/2016,,N/A-StillEmployed,Active,IS,Brian Champaigne,13,Indeed,Fully Meets,4.4,4,6,02/06/2019,0,10,0,0,44,9.5,High,40s,Very High
"Chivukula, Enola",10240,64786,Production Technician I,MA,01775,27/08/1983,F,Single,US Citizen,No,White,27/06/2011,15/11/2015,relocation out of area,Voluntarily Terminated,Production,Amy Dunn,11,Indeed,Fully Meets,4.3,4,0,03/10/2015,0,3,1,1,41,4.4,High,40s,High
"Strong, Caitrin",10241,60120,Area Sales Manager,MT,59102,05/12/1989,F,Married,US Citizen,No,Black,27/09/2010,,N/A-StillEmployed,Active,Sales,John Smith,17,Indeed,Fully Meets,4.1,4,0,31/01/2019,0,18,0,0,35,14.9,High,30s,Medium
"Barbara, Thomas",10242,47211,Production Technician I,MA,02062,21/02/1974,M,Married,US Citizen,Yes,Black,04/02/2012,19/09/2016,unhappy,Voluntarily Terminated,Production,Kissy Sullivan,20,Diversity Job Fair,Fully Meets,4.2,3,0,05/06/2016,0,15,1,1,51,4.6,High,50s,Low
"Gold, Shenice  ",10243,53018,Production Technician I,MA,02451,18/06/1992,F,Single,US Citizen,Yes,White,11/11/2013,,N/A-StillEmployed,Active,Production,Ketsia Liebig,19,Indeed,Fully Meets,4.3,5,0,18/02/2019,0,7,0,0,33,11.7,High,30s,Low
"Kampew, Donysha",10244,68999,Sales Manager,PA,19444,11/11/1989,F,Single,US Citizen,No,White,11/07/2011,24/04/2014,maternity leave - did not return,Voluntarily Terminated,Sales,Debra Houlihan,15,Google Search,Fully Meets,4.5,5,0,30/03/2013,0,2,1,1,35,2.8,High,30s,Very High
"Becker, Renee",10245,61620,Database Administrator,MA,02026,04/04/1986,F,Single,US Citizen,Yes,White,07/07/2014,09/12/2015,performance,Terminated For Cause,IS,Simon Roup,4,Google Search,Fully Meets,4.5,4,5,15/01/2015,0,8,1,1,39,1.4,High,30s,Medium
"Goble, Taisha",10246,61620,Database Administrator,MA,02127,23/10/1971,F,Single,US Citizen,No,White,16/02/2015,15/03/2015,"no-call, no-show",Terminated For Cause,IS,Simon Roup,4,Indeed,Fully Meets,4.6,4,4,20/01/2015,0,10,1,1,53,0.1,High,50s,Medium
"Engdahl, Jean",10247,48888,Production Technician I,MA,02026,31/05/1974,M,Single,US Citizen,No,White,11/10/2014,,N/A-StillEmployed,Active,Production,Kelley Spirea,18,LinkedIn,Fully Meets,4.7,5,0,13/02/2019,0,8,0,0,51,10.8,High,50s,Low
"Hudson, Jane",10248,55425,Production Technician I,MA,02176,06/10/1986,F,Single,US Citizen,No,White,20/02/2012,,N/A-StillEmployed,Active,Production,Ketsia Liebig,19,LinkedIn,Fully Meets,4.8,4,0,01/07/2019,0,4,0,0,38,13.5,High,30s,Low
"Latif, Mohammed",10249,61962,Production Technician II,MA,02126,05/09/1984,M,Married,US Citizen,No,White,04/02/2012,15/04/2013,more money,Voluntarily Terminated,Production,Kissy Sullivan,20,Google Search,Fully Meets,4.9,3,0,20/02/2013,0,20,1,1,40,1.2,High,30s,High
"Bacong, Alejandro ",10250,50178,IT Support,MA,01886,01/07/1988,M,Divorced,US Citizen,No,White,01/05/2015,,N/A-StillEmployed,Active,IT,Peter Monroe,7,Indeed,Fully Meets,5,5,6,18/02/2019,0,16,0,0,37,10.3,High,30s,Low
"Lecter, Hannibal",10251,64738,Production Technician I,MA,01776,09/02/1982,M,Married,US Citizen,No,Asian,14/05/2012,,N/A-StillEmployed,Active,Production,Elijiah Gray,16,Google Search,Fully Meets,4.1,3,0,22/02/2019,0,10,0,0,43,13.2,High,40s,High
"Baczenski, Rachael  ",10252,54670,Production Technician I,MA,01902,01/12/1974,F,Married,US Citizen,Yes,Black,01/10/2011,01/12/2017,Another position,Voluntarily Terminated,Production,David Stanley,14,Diversity Job Fair,Fully Meets,4.2,4,0,30/01/2016,0,12,1,1,50,6.2,High,40s,Low
"Villanueva, Noah",10253,55875,Area Sales Manager,ME,04063,07/11/1989,M,Single,US Citizen,No,Asian,03/05/2012,,N/A-StillEmployed,Active,Sales,John Smith,17,Website,Fully Meets,4.5,4,0,18/01/2019,0,11,0,0,35,13.3,High,30s,Medium
"Motlagh,  Dawn",10254,63430,Production Technician I,MA,02453,07/07/1984,F,Divorced,US Citizen,No,White,04/01/2013,,N/A-StillEmployed,Active,Production,Elijiah Gray,16,LinkedIn,Fully Meets,4.4,4,0,17/01/2019,0,18,0,0,41,12.6,High,40s,High
"Givens, Myriam",10255,61555,Area Sales Manager,IN,46204,22/09/1989,F,Single,US Citizen,No,White,16/02/2015,,N/A-StillEmployed,Active,Sales,Lynn Daneault,21,Indeed,Fully Meets,4.5,5,0,25/01/2019,0,20,0,0,35,10.5,High,30s,Medium
"Goyal, Roxana",10256,49256,Production Technician I,MA,01864,10/09/1974,F,Married,US Citizen,No,Asian,19/08/2013,,N/A-StillEmployed,Active,Production,Kissy Sullivan,20,LinkedIn,Fully Meets,4.1,5,0,15/02/2019,0,3,0,0,50,12,High,40s,Low
"Gaul, Barbara",10257,53171,Production Technician I,MA,02121,12/02/1983,F,Single,US Citizen,Yes,Black,16/05/2011,,N/A-StillEmployed,Active,Production,Kelley Spirea,18,LinkedIn,Fully Meets,4.2,4,0,26/02/2019,0,12,0,0,42,14.2,High,40s,Low
"Fraval, Maruk ",10258,67251,Area Sales Manager,CT,06050,28/08/1963,M,Single,US Citizen,No,Black,09/06/2011,,N/A-StillEmployed,Active,Sales,Lynn Daneault,21,CareerBuilder,Fully Meets,4.3,3,0,27/01/2019,2,7,0,0,61,14.2,High,60+,Very High
"Pearson, Randall",10259,93093,Data Analyst,MA,02747,09/05/1984,M,Married,US Citizen,No,White,12/01/2014,05/01/2016,performance,Voluntarily Terminated,IS,Simon Roup,4,Employee Referral,Fully Meets,4.7,4,5,16/01/2016,0,19,1,1,41,2,High,40s,Very High
"Sadki, Nore  ",10260,46428,Production Technician I,MA,02148,21/12/1974,M,Single,US Citizen,No,White,01/05/2009,30/07/2018,relocation out of area,Voluntarily Terminated,Production,Michael Albert,22,Google Search,Fully Meets,4.6,5,0,02/05/2018,0,7,1,1,50,9.3,High,40s,Low
"Cockel, James",10261,63108,Production Technician I,MA,02452,09/08/1977,M,Single,US Citizen,No,White,07/08/2013,,N/A-StillEmployed,Active,Production,David Stanley,14,Employee Referral,Fully Meets,4.4,5,0,14/01/2019,0,3,0,0,48,12,High,40s,High
"Purinton, Janine",10262,46430,Production Technician I,MA,02474,22/09/1970,F,Divorced,US Citizen,No,White,24/09/2012,18/06/2013,unhappy,Voluntarily Terminated,Production,Kissy Sullivan,20,Indeed,Fully Meets,4.5,5,0,04/02/2013,0,16,1,1,54,0.7,High,50s,Low
"Faller, Megan ",10263,71776,Production Technician II,MA,01824,22/09/1978,F,Married,US Citizen,No,Black,07/07/2014,,N/A-StillEmployed,Active,Production,Elijiah Gray,16,LinkedIn,Fully Meets,4.4,5,0,22/02/2019,0,17,0,0,46,11.1,High,40s,Very High
"Williams, Jacquelyn  ",10264,59728,Production Technician I,MA,02109,10/02/1969,F,Single,US Citizen,Yes,Black,01/09/2012,27/06/2015,relocation out of area,Voluntarily Terminated,Production,Ketsia Liebig,19,Diversity Job Fair,Fully Meets,4.3,4,0,06/02/2014,0,16,1,1,56,2.8,High,50s,Medium
"Barone, Francesco  A",10265,58709,Production Technician I,MA,01810,20/07/1983,M,Single,US Citizen,No,White,20/02/2012,,N/A-StillEmployed,Active,Production,Kelley Spirea,18,Google Search,Fully Meets,4.6,4,0,14/02/2019,0,7,0,0,42,13.5,High,40s,Medium
"Stoica, Rick",10266,61355,Production Technician I,MA,02301,14/03/1985,M,Married,US Citizen,No,Asian,17/02/2014,,N/A-StillEmployed,Active,Production,Kelley Spirea,18,LinkedIn,Fully Meets,4.7,3,0,01/11/2019,0,4,0,0,40,11.5,High,30s,Medium
"Bondwell, Betsy",10267,57815,Production Technician II,MA,02210,16/01/1967,F,Single,US Citizen,No,White,01/10/2011,04/04/2014,career change,Voluntarily Terminated,Production,Elijiah Gray,16,Google Search,Fully Meets,4.8,5,0,03/04/2014,0,5,1,1,58,2.5,High,50s,Medium
"Thibaud, Kenneth",10268,67176,Production Technician II,MA,02472,16/09/1975,M,Widowed,US Citizen,No,White,25/06/2007,30/08/2010,military,Voluntarily Terminated,Production,Webster Butler,39,Other,Fully Meets,4.1,4,0,14/07/2010,0,15,1,1,49,3.2,High,40s,Very High
"Close, Phil",10269,59369,Production Technician II,MA,02169,25/11/1978,M,Married,US Citizen,No,White,30/08/2010,26/09/2011,career change,Voluntarily Terminated,Production,David Stanley,14,Indeed,Fully Meets,4.2,4,0,05/04/2011,0,6,1,1,46,1.1,High,40s,Medium
"Trzeciak, Cybil",10270,74813,Production Technician II,MA,01778,15/03/1985,F,Single,US Citizen,No,White,01/10/2011,07/02/2014,unhappy,Voluntarily Terminated,Production,Amy Dunn,11,LinkedIn,Fully Meets,4.4,3,0,01/05/2014,0,5,1,1,40,2.4,High,30s,Very High
"Zima, Colleen",10271,45046,Production Technician I,MA,01730,17/08/1978,F,Widowed,US Citizen,No,Asian,29/09/2014,,N/A-StillEmployed,Active,Production,David Stanley,14,LinkedIn,Fully Meets,4.5,5,0,30/01/2019,0,2,0,0,46,10.8,High,40s,Low
"Houlihan, Debra",10272,61620,Director of Sales,RI,02908,17/03/1966,F,Married,US Citizen,No,White,05/05/2014,,N/A-StillEmployed,Active,Sales,Janet King,2,LinkedIn,Fully Meets,4.5,4,0,21/01/2019,0,19,0,0,59,11.2,High,50s,Medium
"Galia, Lisa",10273,65707,IT Support,CT,06040,07/06/1968,F,Single,US Citizen,No,White,05/01/2010,,N/A-StillEmployed,Active,IT,Eric Dougall,6,LinkedIn,Fully Meets,4.7,4,5,02/01/2019,0,1,0,0,57,15.6,High,50s,High
"Wallace, Courtney  E",10274,80512,Production Manager,MA,02478,14/11/1955,F,Married,US Citizen,No,Black,26/09/2011,01/02/2012,Another position,Voluntarily Terminated,Production,Janet King,2,Diversity Job Fair,Fully Meets,4.5,3,0,01/02/2012,0,5,1,1,69,0.4,High,60+,Very High
"Cloninger, Jennifer",10275,64066,Production Technician II,MA,01752,31/08/1981,F,Married,US Citizen,No,White,16/05/2011,01/07/2013,unhappy,Voluntarily Terminated,Production,Brannon Miller,12,Google Search,Fully Meets,4.2,5,0,05/03/2012,0,9,1,1,43,2.1,High,40s,High
"Dickinson, Geoff ",10276,51259,Production Technician I,MA,02180,15/11/1982,M,Single,US Citizen,No,White,05/12/2014,,N/A-StillEmployed,Active,Production,Ketsia Liebig,19,Indeed,Fully Meets,4.3,4,0,19/02/2019,0,1,0,0,42,10.7,High,40s,Low
"Becker, Scott",10277,53250,Production Technician I,MA,02452,04/06/1979,M,Single,US Citizen,No,Asian,07/08/2013,,N/A-StillEmployed,Active,Production,Webster Butler,39,LinkedIn,Fully Meets,4.2,4,0,01/11/2019,0,13,0,0,46,12,High,40s,Low
"Stanford,Barbara  M",10278,47961,Production Technician I,MA,02050,25/08/1982,F,Divorced,US Citizen,No,White,01/10/2011,,N/A-StillEmployed,Active,Production,Kissy Sullivan,20,Google Search,Fully Meets,4.1,4,0,02/07/2019,0,9,0,0,42,13.8,High,40s,Low
"Mangal, Debbie",10279,61349,Production Technician I,MA,02451,11/07/1974,F,Married,US Citizen,No,White,11/11/2013,,N/A-StillEmployed,Active,Production,Brannon Miller,12,LinkedIn,Fully Meets,4.1,3,0,22/01/2019,0,11,0,0,51,11.7,High,50s,Medium
"Estremera, Miguel",10280,60340,Production Technician I,MA,02129,09/02/1983,M,Single,US Citizen,No,White,04/02/2012,27/09/2018,attendance,Terminated For Cause,Production,Michael Albert,22,Google Search,Needs Improvement,5,4,0,04/12/2018,5,16,1,1,42,6.6,High,40s,Medium
"Owad, Clinton",10281,53060,Production Technician I,MA,01760,24/11/1979,M,Single,US Citizen,No,Black,17/02/2014,,N/A-StillEmployed,Active,Production,Michael Albert,22,LinkedIn,Needs Improvement,4.25,3,0,02/04/2019,4,6,0,0,45,11.5,High,40s,Low
"Corleone, Michael",10282,68051,Production Manager,MA,01803,17/12/1975,M,Divorced,US Citizen,No,White,20/07/2010,,N/A-StillEmployed,Active,Production,Janet King,2,CareerBuilder,Needs Improvement,4.13,2,0,14/01/2019,3,3,0,0,49,15,High,40s,Very High
"Gilles, Alex",10283,54933,Production Technician I,MA,02062,08/09/1974,M,Married,US Citizen,No,Black,04/02/2012,25/06/2015,military,Voluntarily Terminated,Production,Webster Butler,39,Diversity Job Fair,Needs Improvement,3.97,4,0,20/01/2015,3,15,1,1,50,3.4,Medium,40s,Low
"DiNocco, Lily ",10284,61584,Production Technician I,MA,02351,12/02/1978,F,Married,US Citizen,No,Black,01/07/2013,,N/A-StillEmployed,Active,Production,Brannon Miller,12,Indeed,Needs Improvement,3.88,4,0,18/01/2019,0,6,0,0,47,12.1,Medium,40s,Medium
"Robinson, Cherly",10285,61422,Production Technician I,MA,01460,01/07/1985,F,Married,US Citizen,No,White,01/10/2011,17/05/2016,attendance,Terminated For Cause,Production,Ketsia Liebig,19,Indeed,Needs Improvement,3.6,3,0,04/05/2016,4,16,1,1,40,4.6,Medium,30s,Medium
"Smith, Martin",10286,53564,Production Technician I,MA,02458,17/03/1988,M,Single,US Citizen,No,Black,01/10/2011,28/12/2017,career change,Voluntarily Terminated,Production,Webster Butler,39,Google Search,Needs Improvement,3.54,5,0,04/06/2017,4,15,1,1,37,6.2,Medium,30s,Low
"Trang, Mei",10287,63025,Production Technician I,MA,02021,16/05/1983,F,Single,US Citizen,No,White,17/02/2014,,N/A-StillEmployed,Active,Production,David Stanley,14,LinkedIn,Needs Improvement,2.44,5,0,02/11/2019,4,18,0,0,42,11.5,Low,40s,High
"Monroe, Peter",10288,61620,IT Manager - Infra,MA,02134,10/05/1986,M,Married,Non-Citizen,Yes,Black,15/02/2012,,N/A-StillEmployed,Active,IT,Jennifer Zamora,5,Diversity Job Fair,Needs Improvement,2.39,3,6,22/02/2019,4,13,0,0,39,13.5,Low,30s,Medium
"Immediato, Walter",10289,83082,Production Manager,MA,02128,15/11/1976,M,Married,US Citizen,No,Asian,21/02/2011,24/09/2012,unhappy,Voluntarily Terminated,Production,Janet King,2,Indeed,Needs Improvement,2.34,2,0,04/12/2012,3,4,1,1,48,1.6,Low,40s,Very High
"Exantus, Susan",10290,61620,Software Engineer,MA,01749,15/05/1987,F,Married,US Citizen,No,Black,05/02/2011,06/05/2013,attendance,Terminated For Cause,Software Engineering,Alex Sweetwater,10,Indeed,Needs Improvement,2.1,5,4,08/10/2012,4,19,1,1,38,2.2,Low,30s,Medium
"Smith, John",10291,72992,Sales Manager,MA,01886,16/08/1984,M,Divorced,US Citizen,No,Black,18/05/2014,,N/A-StillEmployed,Active,Sales,Debra Houlihan,15,Diversity Job Fair,Needs Improvement,2.4,4,0,16/01/2019,2,16,0,0,40,11.2,Low,30s,Very High
"Cole, Spencer",10292,59144,Production Technician I,MA,01880,08/12/1979,M,Single,US Citizen,No,Black,07/11/2011,23/09/2016,performance,Terminated For Cause,Production,Kissy Sullivan,20,LinkedIn,Needs Improvement,2,3,0,05/01/2016,5,16,1,1,45,4.9,Low,40s,Medium
"Wallace, Theresa",10293,50274,Production Technician I,MA,01887,08/02/1980,F,Single,US Citizen,No,White,13/08/2012,09/01/2015,career change,Voluntarily Terminated,Production,Elijiah Gray,16,CareerBuilder,Needs Improvement,2.5,3,0,09/05/2014,6,13,1,1,45,2.4,Medium,40s,Low
"Blount, Dianna",10294,66441,Production Technician II,MA,02171,21/09/1990,F,Single,US Citizen,No,White,04/04/2011,,N/A-StillEmployed,Active,Production,Michael Albert,22,CareerBuilder,Needs Improvement,2,3,0,27/02/2019,2,3,0,0,34,14.3,Low,30s,Very High
"Saar-Beckles, Melinda",10295,47750,Production Technician I,MA,01801,06/06/1968,F,Single,US Citizen,No,Black,07/04/2016,,N/A-StillEmployed,Active,Production,Kelley Spirea,18,Diversity Job Fair,Needs Improvement,2.6,4,0,18/02/2019,5,4,0,0,57,9.3,Medium,50s,Low
"Evensen, April",10296,59124,Production Technician I,MA,02458,05/06/1989,F,Single,US Citizen,No,White,17/02/2014,25/02/2018,"no-call, no-show",Terminated For Cause,Production,Elijiah Gray,16,Google Search,Needs Improvement,2.3,3,0,15/01/2017,5,19,1,1,36,4,Low,30s,Medium
"Pelletier, Ermine",10297,60270,Production Technician II,MA,02472,18/07/1989,F,Married,US Citizen,No,Asian,07/05/2011,15/09/2015,unhappy,Voluntarily Terminated,Production,Amy Dunn,11,CareerBuilder,Needs Improvement,2.4,5,0,02/06/2015,5,2,1,1,36,4.4,Low,30s,Medium
"Miller, Ned",10298,55800,Production Technician II,MA,02472,29/06/1985,M,Single,US Citizen,No,White,15/08/2011,09/04/2014,unhappy,Voluntarily Terminated,Production,Brannon Miller,12,LinkedIn,PIP,3,2,0,14/01/2013,6,6,1,1,40,2.7,Medium,30s,Medium
"Erilus, Angela",10299,56847,Production Technician II,MA,02133,25/08/1989,F,Separated,US Citizen,No,White,07/07/2014,,N/A-StillEmployed,Active,Production,Michael Albert,22,Indeed,PIP,3,1,0,25/02/2019,2,5,0,0,35,11.1,Medium,30s,Medium
"Gonzalez, Juan",10300,68898,Production Technician II,MA,02128,10/12/1964,M,Married,US Citizen,No,Black,26/04/2010,30/05/2011,career change,Voluntarily Terminated,Production,Brannon Miller,12,Diversity Job Fair,PIP,3,3,0,03/06/2011,3,10,1,1,60,1.1,Medium,50s,Very High
"Ybarra, Catherine ",10301,48513,Production Technician I,MA,02458,05/04/1982,F,Single,US Citizen,No,Asian,09/02/2008,29/09/2015,Another position,Voluntarily Terminated,Production,Brannon Miller,12,Google Search,PIP,3.2,2,0,09/02/2015,5,4,1,1,43,7.6,Medium,40s,Low
"Sparks, Taylor  ",10302,64021,Production Technician I,MA,02093,20/07/1968,F,Married,US Citizen,No,White,20/02/2012,,N/A-StillEmployed,Active,Production,Brannon Miller,12,Indeed,PIP,2.4,2,1,25/02/2019,6,20,0,0,57,13.5,Low,50s,High
"O'hare, Lynn",10303,52674,Production Technician I,MA,02152,30/09/1980,F,Single,US Citizen,No,White,31/03/2014,05/01/2018,performance,Terminated For Cause,Production,Kissy Sullivan,20,LinkedIn,PIP,2.33,2,0,03/09/2018,6,3,1,1,44,3.8,Low,40s,Low
"Dietrich, Jenna  ",10304,59231,Area Sales Manager,WA,98052,14/05/1987,F,Single,US Citizen,Yes,White,20/02/2012,,N/A-StillEmployed,Active,Sales,John Smith,17,Website,PIP,2.3,1,0,29/01/2019,2,17,0,0,38,13.5,Low,30s,Medium
"Forrest, Alex",10305,70187,Area Sales Manager,MA,02330,07/07/1975,M,Married,US Citizen,No,White,29/09/2014,19/08/2018,Fatal attraction,Terminated For Cause,Sales,Lynn Daneault,21,Employee Referral,PIP,2,5,0,28/01/2019,4,7,1,1,50,3.9,Low,40s,Very High
"Delarge, Alex",10306,61568,Area Sales Manager,AL,36006,11/02/1975,M,Single,US Citizen,No,White,29/09/2014,,N/A-StillEmployed,Active,Sales,John Smith,17,Indeed,PIP,1.93,3,0,30/01/2019,6,5,0,0,50,10.8,Low,40s,Medium
"Stansfield, Norman",10307,58273,Area Sales Manager,NV,89139,05/09/1974,M,Married,US Citizen,No,White,05/12/2014,,N/A-StillEmployed,Active,Sales,Lynn Daneault,21,Website,PIP,1.81,2,0,17/01/2019,3,5,0,0,50,10.7,Low,40s,Medium
"Fernandes, Nilson  ",10308,64057,Production Technician I,MA,02132,18/10/1989,M,Married,US Citizen,No,White,05/11/2015,,N/A-StillEmployed,Active,Production,Amy Dunn,11,Indeed,PIP,1.56,5,0,01/03/2019,6,15,0,0,35,9.7,Low,30s,High
"Fett, Boba",10309,53366,Network Engineer,MA,02138,18/06/1987,M,Single,US Citizen,No,White,30/03/2015,,N/A-StillEmployed,Active,IT,Peter Monroe,7,LinkedIn,PIP,1.2,3,6,02/04/2019,3,2,0,0,38,10.3,Low,30s,Low
"Desimone, Carl ",10310,53189,Production Technician I,MA,02061,19/04/1967,M,Married,US Citizen,No,White,07/07/2014,,N/A-StillEmployed,Active,Production,Amy Dunn,11,Indeed,PIP,1.12,2,0,31/01/2019,4,9,0,0,58,11.1,Low,50s,Low
"Dee, Randy",10311,56991,Production Technician I,MA,02138,15/04/1988,M,Married,US Citizen,No,White,07/09/2018,,N/A-StillEmployed,Active,Production,Brannon Miller,12,Indeed,Fully Meets,4.3,4,3,31/01/2019,2,2,0,0,37,6.9,High,30s,Medium
